2024-09-21 13:45:59.695972,0x4358fbec,86,96,98,56,67,81
2024-09-21 13:46:59.951888,0x4358fbec,48,50,50,38,46,50
2024-09-21 13:48:00.506710,0x4358fbec,41,43,43,35,41,43
2024-09-21 13:49:08.074096,0x4358fbec,46,48,48,36,44,48
2024-09-21 14:01:09.975528,0x4358fbec,43,43,43,35,40,43
2024-09-21 14:01:10.009874,0x4358fbec,39,39,39,34,39,39
2024-09-21 14:01:10.113797,0x4358fbec,52,52,52,39,46,52
2024-09-21 14:01:10.242941,0x4358fbec,40,40,40,34,39,40
2024-09-21 14:15:05.111189,0x4358fbec,52,52,52,39,46,52
2024-09-21 14:27:01.768057,0x4358fbec,4,4,4,4,4,4
2024-09-21 14:30:01.964886,0x4358fbec,11,11,11,11,11,11
2024-09-21 14:33:02.817470,0x4358fbec,52,57,57,40,50,57
2024-09-21 14:36:02.509379,0x4358fbec,50,50,50,39,46,50
2024-09-21 14:39:02.793302,0x4358fbec,14,14,14,14,14,14
2024-09-21 14:42:03.564268,0x4358fbec,14,14,14,14,14,14
2024-09-21 14:45:03.156975,0x4358fbec,15,15,15,15,15,15
2024-09-21 14:48:03.359218,0x4358fbec,16,16,16,16,16,16
2024-09-21 14:51:04.041039,0x4358fbec,16,16,16,16,16,16
2024-09-21 14:54:03.824397,0x4358fbec,17,17,17,17,17,17
2024-09-21 14:57:03.992664,0x4358fbec,14,14,14,14,14,14
2024-09-21 15:00:04.223903,0x4358fbec,14,14,16,14,14,16
2024-09-21 15:03:05.021391,0x4358fbec,16,16,16,16,16,16
2024-09-21 15:06:05.031451,0x4358fbec,17,17,17,17,17,17
2024-09-21 15:09:04.920344,0x4358fbec,17,17,17,17,17,17
2024-09-21 15:12:05.158856,0x4358fbec,16,16,16,16,16,16
2024-09-21 15:15:05.999816,0x4358fbec,17,17,17,17,17,17
2024-09-21 15:18:06.167850,0x4358fbec,17,17,17,17,17,17
2024-09-21 15:21:06.403867,0x4358fbec,16,16,16,16,16,16
2024-09-21 15:24:06.099144,0x4358fbec,17,17,17,17,17,17
2024-09-21 15:27:06.860902,0x4358fbec,17,17,17,17,17,17
2024-09-21 15:30:07.161899,0x4358fbec,16,16,16,16,16,16
2024-09-21 15:33:07.743243,0x4358fbec,17,17,17,17,17,17
2024-09-21 15:36:07.558701,0x4358fbec,12,12,12,12,12,12
2024-09-21 15:39:07.400248,0x4358fbec,12,12,12,12,12,12
2024-09-21 15:42:07.510646,0x4358fbec,13,13,13,13,13,13
2024-09-21 15:45:07.736714,0x4358fbec,16,16,16,16,16,16
2024-09-21 15:48:08.020155,0x4358fbec,13,13,13,13,13,13
2024-09-21 15:51:08.218508,0x4358fbec,16,16,16,16,16,16
2024-09-21 15:54:08.976650,0x4358fbec,17,17,17,17,17,17
2024-09-21 15:57:09.230110,0x4358fbec,19,19,19,19,19,19
2024-09-21 16:00:09.438259,0x4358fbec,13,13,13,13,13,13
2024-09-21 16:03:09.719793,0x4358fbec,16,16,16,16,16,16
2024-09-21 16:06:09.400215,0x4358fbec,16,16,16,16,16,16
2024-09-21 16:09:09.943999,0x4358fbec,16,16,16,16,16,16
2024-09-21 16:12:09.863062,0x4358fbec,13,13,13,13,13,13
2024-09-21 16:14:10.588933,0x4358fbec,14,14,14,14,14,14
2024-09-21 16:16:10.383728,0x4358fbec,16,16,16,16,16,16
2024-09-21 16:18:10.619019,0x4358fbec,17,17,17,17,17,17
2024-09-21 16:20:10.822672,0x4358fbec,14,14,14,14,14,14
2024-09-21 16:22:11.026730,0x4358fbec,16,16,16,16,16,16
2024-09-21 16:24:11.759955,0x4358fbec,13,13,13,13,13,13
2024-09-21 16:26:12.033947,0x4358fbec,17,17,17,17,17,17
2024-09-21 16:28:11.770654,0x4358fbec,13,13,13,13,13,13
2024-09-21 16:30:11.964917,0x4358fbec,12,12,12,12,12,12
2024-09-21 16:32:12.231067,0x4358fbec,13,13,13,13,13,13
2024-09-21 16:34:12.419272,0x4358fbec,13,13,13,13,13,13
2024-09-21 16:36:12.652447,0x4358fbec,15,15,15,15,15,15
2024-09-21 16:38:12.934402,0x4358fbec,14,14,14,14,14,14
2024-09-21 16:40:13.119524,0x4358fbec,14,14,14,14,14,14
2024-09-21 16:42:13.408896,0x4358fbec,14,14,14,14,14,14
2024-09-21 16:44:13.605907,0x4358fbec,16,16,16,16,16,16
2024-09-21 16:46:13.998896,0x4358fbec,15,15,15,15,15,15
2024-09-21 16:48:14.105081,0x4358fbec,11,11,11,11,11,11
2024-09-21 16:50:14.319086,0x4358fbec,14,14,14,14,14,14
2024-09-21 16:52:14.523223,0x4358fbec,15,15,15,15,15,15
2024-09-21 16:54:14.776131,0x4358fbec,16,16,16,16,16,16
2024-09-21 16:56:15.395292,0x4358fbec,15,15,15,15,15,15
2024-09-21 16:58:15.250251,0x4358fbec,14,14,14,14,14,14
2024-09-21 17:00:15.664384,0x4358fbec,15,15,15,15,15,15
2024-09-21 17:02:15.678511,0x4358fbec,15,15,15,15,15,15
2024-09-21 17:04:15.911476,0x4358fbec,14,14,14,14,14,14
2024-09-21 17:06:16.518712,0x4358fbec,15,15,15,15,15,15
2024-09-21 17:08:16.889922,0x4358fbec,13,13,13,13,13,13
2024-09-21 17:10:18.216293,0x4358fbec,14,14,14,14,14,14
2024-09-21 17:12:17.161387,0x4358fbec,11,11,11,11,11,11
2024-09-21 17:14:17.381353,0x4358fbec,15,15,15,15,15,15
2024-09-21 17:16:17.686530,0x4358fbec,15,15,15,15,15,15
2024-09-21 17:18:18.353776,0x4358fbec,15,15,15,15,15,15
2024-09-21 17:20:18.592669,0x4358fbec,48,48,48,37,44,48
2024-09-21 17:22:18.814038,0x4358fbec,39,39,39,33,39,39
2024-09-21 17:24:19.694065,0x4358fbec,42,42,42,35,41,42
2024-09-21 17:26:19.353010,0x4358fbec,36,36,36,31,36,36
2024-09-21 17:28:19.043107,0x4358fbec,15,15,15,15,15,15
2024-09-21 17:30:20.436223,0x4358fbec,17,17,17,17,17,17
2024-09-21 17:32:20.456440,0x4358fbec,15,15,15,15,15,15
2024-09-21 17:34:19.832365,0x4358fbec,15,15,15,15,15,15
2024-09-21 17:36:19.968436,0x4358fbec,13,13,13,13,13,13
2024-09-21 17:38:20.546651,0x4358fbec,15,15,15,15,15,15
2024-09-21 17:40:20.453727,0x4358fbec,14,14,14,14,14,14
2024-09-21 17:42:20.714011,0x4358fbec,16,16,16,16,16,16
2024-09-21 17:44:20.921052,0x4358fbec,14,14,14,14,14,14
2024-09-21 17:46:21.161014,0x4358fbec,15,15,15,15,15,15
2024-09-21 17:48:21.934335,0x4358fbec,17,17,17,17,17,17
2024-09-21 17:50:21.835275,0x4358fbec,16,16,16,16,16,16
2024-09-21 17:52:22.385396,0x4358fbec,18,18,18,18,18,18
2024-09-21 17:54:22.119796,0x4358fbec,14,14,14,14,14,14
2024-09-21 17:56:22.330638,0x4358fbec,17,17,17,17,17,17
2024-09-21 17:58:23.079749,0x4358fbec,16,16,16,16,16,16
2024-09-21 18:00:23.292048,0x4358fbec,16,16,16,16,16,16
2024-09-21 18:02:23.056148,0x4358fbec,14,14,14,14,14,14
2024-09-21 18:04:23.284969,0x4358fbec,16,16,16,16,16,16
2024-09-21 18:06:23.510062,0x4358fbec,16,16,16,16,16,16
2024-09-21 18:08:23.778173,0x4358fbec,17,17,17,17,17,17
2024-09-21 18:10:24.472418,0x4358fbec,14,14,14,14,14,14
2024-09-21 18:12:24.252358,0x4358fbec,15,15,15,15,15,15
2024-09-21 18:14:25.002132,0x4358fbec,14,14,14,14,14,14
2024-09-21 18:16:24.720210,0x4358fbec,14,14,14,14,14,14
2024-09-21 18:18:24.911101,0x4358fbec,13,13,13,13,13,13
2024-09-21 18:20:25.153981,0x4358fbec,17,17,17,17,17,17
2024-09-21 18:22:25.377065,0x4358fbec,14,14,15,14,14,15
2024-09-21 18:24:25.619017,0x4358fbec,14,14,14,14,14,14
2024-09-21 18:26:25.879110,0x4358fbec,14,14,14,14,14,14
2024-09-21 18:28:26.233349,0x4358fbec,13,13,13,13,13,13
2024-09-21 18:30:26.366190,0x4358fbec,15,15,15,15,15,15
2024-09-21 18:32:27.099280,0x4358fbec,13,13,13,13,13,13
2024-09-21 18:34:26.932176,0x4358fbec,12,12,12,12,12,12
2024-09-21 18:36:27.666350,0x4358fbec,14,14,14,14,14,14
2024-09-21 18:38:27.248368,0x4358fbec,14,14,14,14,14,14
2024-09-21 18:40:27.501639,0x4358fbec,16,16,16,16,16,16
2024-09-21 18:42:27.744711,0x4358fbec,14,14,14,14,14,14
2024-09-21 18:44:28.474368,0x4358fbec,14,14,14,14,14,14
2024-09-21 18:46:28.182730,0x4358fbec,17,17,17,17,17,17
2024-09-21 18:48:28.416831,0x4358fbec,16,16,16,16,16,16
2024-09-21 18:50:29.161581,0x4358fbec,12,12,12,12,12,12
2024-09-21 18:52:29.417423,0x4358fbec,16,16,16,16,16,16
2024-09-21 18:54:29.153054,0x4358fbec,14,14,14,14,14,14
2024-09-21 18:56:29.354488,0x4358fbec,17,17,17,17,17,17
2024-09-21 18:58:29.587920,0x4358fbec,16,16,16,16,16,16
2024-09-21 19:00:29.821335,0x4358fbec,14,14,14,14,14,14
2024-09-21 19:02:30.170607,0x4358fbec,18,18,18,18,18,18
2024-09-21 19:04:30.289080,0x4358fbec,14,14,14,14,14,14
2024-09-21 19:06:30.529495,0x4358fbec,16,16,16,16,16,16
2024-09-21 19:08:30.798636,0x4358fbec,13,13,13,13,13,13
2024-09-21 19:10:31.009121,0x4358fbec,14,14,14,14,14,14
2024-09-21 19:12:31.252439,0x4358fbec,14,14,14,14,14,14
2024-09-21 19:14:31.512748,0x4358fbec,15,15,15,15,15,15
2024-09-21 19:16:31.712945,0x4358fbec,15,15,15,15,15,15
2024-09-21 19:18:32.056304,0x4358fbec,14,14,14,14,14,14
2024-09-21 19:20:32.179311,0x4358fbec,14,14,14,14,14,14
2024-09-21 19:22:32.411365,0x4358fbec,14,14,14,14,14,14
2024-09-21 19:24:32.706440,0x4358fbec,14,14,14,14,14,14
2024-09-21 19:26:33.118855,0x4358fbec,16,16,16,16,16,16
2024-09-21 19:28:33.173469,0x4358fbec,13,13,13,13,13,13
2024-09-21 19:30:33.403184,0x4358fbec,16,16,16,16,16,16
2024-09-21 19:32:33.712042,0x4358fbec,15,15,15,15,15,15
2024-09-21 19:34:33.872671,0x4358fbec,17,17,17,17,17,17
2024-09-21 19:36:34.136556,0x4358fbec,15,15,15,15,15,15
2024-09-21 19:38:34.409676,0x4358fbec,17,17,18,17,17,18
2024-09-21 19:40:34.782554,0x4358fbec,15,15,15,15,15,15
2024-09-21 19:42:35.066552,0x4358fbec,14,14,14,14,14,14
2024-09-21 19:44:35.249511,0x4358fbec,15,15,15,15,15,15
2024-09-21 19:46:35.581468,0x4358fbec,18,18,18,18,18,18
2024-09-21 19:48:35.722487,0x4358fbec,14,14,14,14,14,14
2024-09-21 19:50:36.130543,0x4358fbec,17,17,17,17,17,17
2024-09-21 19:52:36.328710,0x4358fbec,14,14,14,14,14,14
2024-09-21 19:54:36.465815,0x4358fbec,17,17,17,17,17,17
2024-09-21 19:56:36.806575,0x4358fbec,16,16,16,16,16,16
2024-09-21 19:58:36.929148,0x4358fbec,14,14,16,14,14,16
2024-09-21 20:00:37.652676,0x4358fbec,14,14,15,14,14,15
2024-09-21 20:02:37.363161,0x4358fbec,15,15,15,15,15,15
2024-09-21 20:04:38.084578,0x4358fbec,14,14,14,14,14,14
2024-09-21 20:06:38.283099,0x4358fbec,17,17,17,17,17,17
2024-09-21 20:08:38.056254,0x4358fbec,15,15,15,15,15,15
2024-09-21 20:10:38.819527,0x4358fbec,15,15,15,15,15,15
2024-09-21 20:12:38.514827,0x4358fbec,14,14,14,14,14,14
2024-09-21 20:14:38.751143,0x4358fbec,14,14,14,14,14,14
2024-09-21 20:16:38.993108,0x4358fbec,15,15,15,15,15,15
2024-09-21 20:18:39.231548,0x4358fbec,15,15,15,15,15,15
2024-09-21 20:20:39.993945,0x4358fbec,15,15,15,15,15,15
2024-09-21 20:22:39.734771,0x4358fbec,14,14,14,14,14,14
2024-09-21 20:24:39.919994,0x4358fbec,13,13,13,13,13,13
2024-09-21 20:26:40.160288,0x4358fbec,15,15,15,15,15,15
2024-09-21 20:28:40.436375,0x4358fbec,15,15,15,15,15,15
2024-09-21 20:30:41.148413,0x4358fbec,14,14,14,14,14,14
2024-09-21 20:32:40.852241,0x4358fbec,14,14,14,14,14,14
2024-09-21 20:34:41.103118,0x4358fbec,15,15,15,15,15,15
2024-09-21 20:36:41.376082,0x4358fbec,14,14,14,14,14,14
2024-09-21 20:38:41.552196,0x4358fbec,16,16,16,16,16,16
2024-09-21 20:40:41.790338,0x4358fbec,16,16,16,16,16,16
2024-09-21 20:42:42.127429,0x4358fbec,16,16,16,16,16,16
2024-09-21 20:44:42.764407,0x4358fbec,14,14,14,14,14,14
2024-09-21 20:46:42.620573,0x4358fbec,15,15,15,15,15,15
2024-09-21 20:48:42.722599,0x4358fbec,15,15,15,15,15,15
2024-09-21 20:50:43.005556,0x4358fbec,15,15,15,15,15,15
2024-09-21 20:52:43.278706,0x4358fbec,15,15,15,15,15,15
2024-09-21 20:54:43.440967,0x4358fbec,17,17,17,17,17,17
2024-09-21 20:56:43.683943,0x4358fbec,14,14,14,14,14,14
2024-09-21 20:58:43.909021,0x4358fbec,14,14,14,14,14,14
2024-09-21 21:00:44.638131,0x4358fbec,15,15,15,15,15,15
2024-09-21 21:02:44.425255,0x4358fbec,15,15,15,15,15,15
2024-09-21 21:04:45.365579,0x4358fbec,12,12,12,12,12,12
2024-09-21 21:06:44.844050,0x4358fbec,14,14,14,14,14,14
2024-09-21 21:08:45.097810,0x4358fbec,16,16,16,16,16,16
2024-09-21 21:10:45.360101,0x4358fbec,15,15,15,15,15,15
2024-09-21 21:12:45.592873,0x4358fbec,16,16,16,16,16,16
2024-09-21 21:14:45.888679,0x4358fbec,13,13,13,13,13,13
2024-09-21 21:16:46.213413,0x4358fbec,15,15,15,15,15,15
2024-09-21 21:18:46.257202,0x4358fbec,14,14,14,14,14,14
2024-09-21 21:20:46.533978,0x4358fbec,16,16,16,16,16,16
2024-09-21 21:22:47.285999,0x4358fbec,15,15,15,15,15,15
2024-09-21 21:24:46.943814,0x4358fbec,16,16,16,16,16,16
2024-09-21 21:26:47.185856,0x4358fbec,16,16,16,16,16,16
2024-09-21 21:28:47.457704,0x4358fbec,15,15,15,15,15,15
2024-09-21 21:30:47.664941,0x4358fbec,14,14,14,14,14,14
2024-09-21 21:32:47.898655,0x4358fbec,16,16,16,16,16,16
2024-09-21 21:34:48.111602,0x4358fbec,13,13,13,13,13,13
2024-09-21 21:36:48.392493,0x4358fbec,12,12,12,12,12,12
2024-09-21 21:38:48.578728,0x4358fbec,17,17,17,17,17,17
2024-09-21 21:40:49.000602,0x4358fbec,14,14,14,14,14,14
2024-09-21 21:42:49.200415,0x4358fbec,17,17,17,17,17,17
2024-09-21 21:44:49.289047,0x4358fbec,13,13,13,13,13,13
2024-09-21 21:46:50.054662,0x4358fbec,13,13,13,13,13,13
2024-09-21 21:48:49.865983,0x4358fbec,14,14,14,14,14,14
2024-09-21 21:50:50.023341,0x4358fbec,17,17,17,17,17,17
2024-09-21 21:52:50.233592,0x4358fbec,15,15,15,15,15,15
2024-09-21 21:54:50.467013,0x4358fbec,16,16,16,16,16,16
2024-09-21 21:56:50.797239,0x4358fbec,15,15,15,15,15,15
2024-09-21 21:58:50.927398,0x4358fbec,16,16,16,16,16,16
2024-09-21 22:00:51.161859,0x4358fbec,14,14,14,14,14,14
2024-09-21 22:04:51.774922,0x4358fbec,12,12,12,12,12,12
2024-09-21 22:06:51.954119,0x4358fbec,14,14,14,14,14,14
2024-09-21 22:08:52.146230,0x4358fbec,15,15,15,15,15,15
2024-09-21 22:10:53.156430,0x4358fbec,16,16,16,16,16,16
2024-09-21 22:12:52.582618,0x4358fbec,15,15,15,15,15,15
2024-09-21 22:14:52.816316,0x4358fbec,16,16,16,16,16,16
2024-09-21 22:16:53.110496,0x4358fbec,17,17,17,17,17,17
2024-09-21 22:18:53.332142,0x4358fbec,18,18,18,18,18,18
2024-09-21 22:20:53.505769,0x4358fbec,15,15,15,15,15,15
2024-09-21 22:22:53.790658,0x4358fbec,15,15,15,15,15,15
2024-09-21 22:24:54.023494,0x4358fbec,15,15,15,15,15,15
2024-09-21 22:26:54.731342,0x4358fbec,16,16,16,16,16,16
2024-09-21 22:28:54.441294,0x4358fbec,14,14,14,14,14,14
2024-09-21 22:30:54.724149,0x4358fbec,16,16,16,16,16,16
2024-09-21 22:32:54.906021,0x4358fbec,15,15,15,15,15,15
2024-09-21 22:34:55.734028,0x4358fbec,14,14,14,14,14,14
2024-09-21 22:36:55.961107,0x4358fbec,17,17,17,17,17,17
2024-09-21 22:38:55.619926,0x4358fbec,15,15,17,15,15,17
2024-09-21 22:40:56.381062,0x4358fbec,15,15,15,15,15,15
2024-09-21 22:42:56.145973,0x4358fbec,17,17,17,17,17,17
2024-09-21 22:44:56.865028,0x4358fbec,15,15,15,15,15,15
2024-09-21 22:46:57.112250,0x4358fbec,17,17,17,17,17,17
2024-09-21 22:48:56.937899,0x4358fbec,13,13,14,13,13,14
2024-09-21 22:50:57.201730,0x4358fbec,15,15,15,15,15,15
2024-09-21 22:52:57.295565,0x4358fbec,13,13,14,13,13,14
2024-09-21 22:54:57.481922,0x4358fbec,14,14,14,14,14,14
2024-09-21 22:56:57.722400,0x4358fbec,17,17,17,17,17,17
2024-09-21 22:58:57.997918,0x4358fbec,14,14,14,14,14,14
2024-09-21 23:00:58.199097,0x4358fbec,16,18,18,16,18,18
2024-09-21 23:02:58.576364,0x4358fbec,15,15,17,15,15,17
2024-09-21 23:04:58.651659,0x4358fbec,15,15,15,15,15,15
2024-09-21 23:06:58.892908,0x4358fbec,17,17,17,17,17,17
2024-09-21 23:08:59.224141,0x4358fbec,14,14,15,14,14,15
2024-09-21 23:10:59.464353,0x4358fbec,17,17,17,17,17,17
2024-09-21 23:12:59.592680,0x4358fbec,15,15,15,15,15,15
2024-09-21 23:14:59.868883,0x4358fbec,17,17,18,17,17,18
2024-09-21 23:17:00.186991,0x4358fbec,17,17,17,17,17,17
2024-09-21 23:19:00.300296,0x4358fbec,18,18,18,18,18,18
2024-09-21 23:21:01.067033,0x4358fbec,17,17,17,17,17,17
2024-09-21 23:23:00.761917,0x4358fbec,17,17,17,17,17,17
2024-09-21 23:25:01.008064,0x4358fbec,14,15,15,14,15,15
2024-09-21 23:27:01.230020,0x4358fbec,17,17,17,17,17,17
2024-09-21 23:29:01.453045,0x4358fbec,14,14,14,14,14,14
2024-09-21 23:31:01.696189,0x4358fbec,15,15,15,15,15,15
2024-09-21 23:33:01.971124,0x4358fbec,15,15,15,15,15,15
2024-09-21 23:35:02.267352,0x4358fbec,14,14,14,14,14,14
2024-09-21 23:37:02.390266,0x4358fbec,15,15,15,15,15,15
2024-09-21 23:39:02.630439,0x4358fbec,17,17,17,17,17,17
2024-09-21 23:41:03.392454,0x4358fbec,15,15,15,15,15,15
2024-09-21 23:43:03.603630,0x4358fbec,16,16,16,16,16,16
2024-09-21 23:45:03.352813,0x4358fbec,18,18,18,18,18,18
2024-09-21 23:47:03.577976,0x4358fbec,15,15,15,15,15,15
2024-09-21 23:49:03.851931,0x4358fbec,12,12,12,12,12,12
2024-09-21 23:51:04.254125,0x4358fbec,17,17,17,17,17,17
2024-09-21 23:53:04.267221,0x4358fbec,18,18,18,18,18,18
2024-09-21 23:55:05.064563,0x4358fbec,12,12,14,12,12,14
2024-09-21 23:57:04.763945,0x4358fbec,15,15,15,15,15,15
2024-09-21 23:59:05.116461,0x4358fbec,15,15,15,15,15,15
2024-09-22 00:01:05.349959,0x4358fbec,15,15,15,15,15,15
2024-09-22 00:03:05.897675,0x4358fbec,15,15,15,15,15,15
2024-09-22 00:05:05.657373,0x4358fbec,16,16,18,16,16,18
2024-09-22 00:07:06.420288,0x4358fbec,16,16,16,16,16,16
2024-09-22 00:09:06.278043,0x4358fbec,11,11,13,11,11,13
2024-09-22 00:11:06.394131,0x4358fbec,17,17,17,17,17,17
2024-09-22 00:13:06.638118,0x4358fbec,15,15,15,15,15,15
2024-09-22 00:15:06.977775,0x4358fbec,12,12,12,12,12,12
2024-09-22 00:17:07.085842,0x4358fbec,16,16,17,16,16,17
2024-09-22 00:19:07.470664,0x4358fbec,17,17,17,17,17,17
2024-09-22 00:21:07.657763,0x4358fbec,16,16,16,16,16,16
2024-09-22 00:23:07.766530,0x4358fbec,15,15,15,15,15,15
2024-09-22 00:25:08.041667,0x4358fbec,18,18,19,18,18,19
2024-09-22 00:27:08.223872,0x4358fbec,15,15,17,15,15,17
2024-09-22 00:29:09.025156,0x4358fbec,14,14,15,14,14,15
2024-09-22 00:31:08.709528,0x4358fbec,15,15,21,15,15,21
2024-09-22 00:33:08.936779,0x4358fbec,15,15,15,15,15,15
2024-09-22 00:35:09.370327,0x4358fbec,15,15,15,15,15,15
2024-09-22 00:37:09.393450,0x4358fbec,15,15,15,15,15,15
2024-09-22 00:39:09.627686,0x4358fbec,15,15,15,15,15,15
2024-09-22 00:41:10.139904,0x4358fbec,14,14,14,14,14,14
2024-09-22 00:43:11.159313,0x4358fbec,18,18,18,18,18,18
2024-09-22 00:45:10.385297,0x4358fbec,14,14,15,14,14,15
2024-09-22 00:47:10.666360,0x4358fbec,18,18,21,18,18,21
2024-09-22 00:49:10.853686,0x4358fbec,16,16,16,16,16,16
2024-09-22 00:51:11.076665,0x4358fbec,15,17,17,15,17,17
2024-09-22 00:53:11.311841,0x4358fbec,15,15,15,15,15,15
2024-09-22 00:55:11.581916,0x4358fbec,15,15,15,15,15,15
2024-09-22 00:57:11.779997,0x4358fbec,19,19,19,19,19,19
2024-09-22 00:59:12.019316,0x4358fbec,17,17,17,17,17,17
2024-09-22 01:01:12.296194,0x4358fbec,18,18,19,18,18,19
2024-09-22 01:03:12.663206,0x4358fbec,15,15,16,15,15,16
2024-09-22 01:05:12.741374,0x4358fbec,19,19,19,19,19,19
2024-09-22 01:07:13.507430,0x4358fbec,18,18,18,18,18,18
2024-09-22 01:09:13.230516,0x4358fbec,14,14,14,14,14,14
2024-09-22 01:11:13.527453,0x4358fbec,15,15,15,15,15,15
2024-09-22 01:13:13.657726,0x4358fbec,16,16,16,16,16,16
2024-09-22 01:15:13.891238,0x4358fbec,17,17,18,17,17,18
2024-09-22 01:17:14.152836,0x4358fbec,18,18,19,18,18,19
2024-09-22 01:19:14.877794,0x4358fbec,18,18,20,18,18,20
2024-09-22 01:21:14.717905,0x4358fbec,16,16,17,16,16,17
2024-09-22 01:23:14.825859,0x4358fbec,16,16,19,16,16,19
2024-09-22 01:25:15.070966,0x4358fbec,16,16,17,16,16,17
2024-09-22 01:27:15.306122,0x4358fbec,15,15,15,15,15,15
2024-09-22 01:29:15.700113,0x4358fbec,15,15,15,15,15,15
2024-09-22 01:31:15.749344,0x4358fbec,19,19,20,19,19,20
2024-09-22 01:33:16.012344,0x4358fbec,15,15,15,15,15,15
2024-09-22 01:35:16.405397,0x4358fbec,18,18,18,18,18,18
2024-09-22 01:37:17.173197,0x4358fbec,16,16,16,16,16,16
2024-09-22 01:39:16.714906,0x4358fbec,15,15,15,15,15,15
2024-09-22 01:41:17.082510,0x4358fbec,16,16,16,16,16,16
2024-09-22 01:43:17.919169,0x4358fbec,15,15,17,15,15,17
2024-09-22 01:45:17.410796,0x4358fbec,14,14,14,14,14,14
2024-09-22 01:47:18.628258,0x4358fbec,15,15,16,15,15,16
2024-09-22 01:49:17.991512,0x4358fbec,15,15,16,15,15,16
2024-09-22 01:51:18.635850,0x4358fbec,15,15,15,15,15,15
2024-09-22 01:53:18.836185,0x4358fbec,14,14,14,14,14,14
2024-09-22 01:55:18.588721,0x4358fbec,16,16,16,16,16,16
2024-09-22 01:57:18.862702,0x4358fbec,19,19,21,19,19,21
2024-09-22 01:59:19.593168,0x4358fbec,12,12,12,12,12,12
2024-09-22 02:01:19.283405,0x4358fbec,18,18,18,18,18,18
2024-09-22 02:03:19.514477,0x4358fbec,16,16,16,16,16,16
2024-09-22 02:05:19.902957,0x4358fbec,18,18,18,18,18,18
2024-09-22 02:07:20.540117,0x4358fbec,17,18,18,17,18,18
2024-09-22 02:09:20.885386,0x4358fbec,16,17,17,16,17,17
2024-09-22 02:11:20.461748,0x4358fbec,15,15,15,15,15,15
2024-09-22 02:13:20.935682,0x4358fbec,19,19,19,19,19,19
2024-09-22 02:15:21.408069,0x4358fbec,16,16,16,16,16,16
2024-09-22 02:17:21.196593,0x4358fbec,14,14,14,14,14,14
2024-09-22 02:19:21.429266,0x4358fbec,16,16,16,16,16,16
2024-09-22 02:21:21.644813,0x4358fbec,16,18,18,16,18,18
2024-09-22 02:23:21.877730,0x4358fbec,17,17,17,17,17,17
2024-09-22 02:25:22.080424,0x4358fbec,17,18,21,17,18,21
2024-09-22 02:27:22.481291,0x4358fbec,14,14,14,14,14,14
2024-09-22 02:29:22.554338,0x4358fbec,19,19,19,19,19,19
2024-09-22 02:31:22.867288,0x4358fbec,18,18,19,18,18,19
2024-09-22 02:33:23.016061,0x4358fbec,16,16,16,16,16,16
2024-09-22 02:35:23.257339,0x4358fbec,17,17,17,17,17,17
2024-09-22 02:37:23.484107,0x4358fbec,17,17,17,17,17,17
2024-09-22 02:39:23.733176,0x4358fbec,14,14,14,14,14,14
2024-09-22 02:41:24.000177,0x4358fbec,17,17,17,17,17,17
2024-09-22 02:43:24.185197,0x4358fbec,18,18,19,18,18,19
2024-09-22 02:45:24.447404,0x4358fbec,18,18,18,18,18,18
2024-09-22 02:47:24.702663,0x4358fbec,17,17,17,17,17,17
2024-09-22 02:49:25.146910,0x4358fbec,18,18,18,18,18,18
2024-09-22 02:51:25.170047,0x4358fbec,17,17,17,17,17,17
2024-09-22 02:53:25.375274,0x4358fbec,17,17,17,17,17,17
2024-09-22 02:55:25.699567,0x4358fbec,14,14,15,14,14,15
2024-09-22 02:57:25.835517,0x4358fbec,15,15,15,15,15,15
2024-09-22 02:59:26.055822,0x4358fbec,16,16,17,16,16,17
2024-09-22 03:01:26.338835,0x4358fbec,16,16,16,16,16,16
2024-09-22 03:03:26.550958,0x4358fbec,15,15,16,15,15,16
2024-09-22 03:05:26.803241,0x4358fbec,18,18,19,18,18,19
2024-09-22 03:07:26.988253,0x4358fbec,15,15,15,15,15,15
2024-09-22 03:09:27.224340,0x4358fbec,17,18,19,17,18,19
2024-09-22 03:11:27.537597,0x4358fbec,16,16,18,16,16,18
2024-09-22 03:13:28.493573,0x4358fbec,18,18,18,18,18,18
2024-09-22 03:15:27.924883,0x4358fbec,18,18,18,18,18,18
2024-09-22 03:17:28.155992,0x4358fbec,16,16,18,16,16,18
2024-09-22 03:19:28.400277,0x4358fbec,16,16,16,16,16,16
2024-09-22 03:21:29.186982,0x4358fbec,18,18,18,18,18,18
2024-09-22 03:23:29.019534,0x4358fbec,17,18,18,17,18,18
2024-09-22 03:25:29.563949,0x4358fbec,19,19,20,19,19,20
2024-09-22 03:27:29.376379,0x4358fbec,14,14,14,14,14,14
2024-09-22 03:29:29.674158,0x4358fbec,19,20,20,19,20,20
2024-09-22 03:31:30.457024,0x4358fbec,19,19,19,19,19,19
2024-09-22 03:33:30.030340,0x4358fbec,16,16,18,16,16,18
2024-09-22 03:35:31.035561,0x4358fbec,20,20,20,20,20,20
2024-09-22 03:37:30.541748,0x4358fbec,18,19,19,18,19,19
2024-09-22 03:39:30.781090,0x4358fbec,15,17,17,15,17,17
2024-09-22 03:41:31.447431,0x4358fbec,17,17,17,17,17,17
2024-09-22 03:43:31.777762,0x4358fbec,18,18,18,18,18,18
2024-09-22 03:45:31.437696,0x4358fbec,18,19,19,18,19,19
2024-09-22 03:47:31.897903,0x4358fbec,18,18,18,18,18,18
2024-09-22 03:49:32.456127,0x4358fbec,15,15,17,15,15,17
2024-09-22 03:51:32.140396,0x4358fbec,14,14,15,14,14,15
2024-09-22 03:53:32.421856,0x4358fbec,15,15,15,15,15,15
2024-09-22 03:55:32.628122,0x4358fbec,16,17,17,16,17,17
2024-09-22 03:57:32.914353,0x4358fbec,11,11,12,11,11,12
2024-09-22 03:59:33.693107,0x4358fbec,15,16,18,15,16,18
2024-09-22 04:01:33.437503,0x4358fbec,15,16,18,15,16,18
2024-09-22 04:03:33.566387,0x4358fbec,17,17,17,17,17,17
2024-09-22 04:05:33.792021,0x4358fbec,15,16,16,15,16,16
2024-09-22 04:07:34.017795,0x4358fbec,16,17,17,16,17,17
2024-09-22 04:09:34.505775,0x4358fbec,15,15,15,15,15,15
2024-09-22 04:11:34.543567,0x4358fbec,15,15,15,15,15,15
2024-09-22 04:13:34.774444,0x4358fbec,16,18,19,16,18,19
2024-09-22 04:15:35.453410,0x4358fbec,17,17,18,17,17,18
2024-09-22 04:17:35.186432,0x4358fbec,17,17,19,17,17,19
2024-09-22 04:19:36.079229,0x4358fbec,16,17,17,16,17,17
2024-09-22 04:21:35.657098,0x4358fbec,18,18,18,18,18,18
2024-09-22 04:23:35.892146,0x4358fbec,18,18,19,18,18,19
2024-09-22 04:25:36.181115,0x4358fbec,18,18,19,18,18,19
2024-09-22 04:27:36.365313,0x4358fbec,17,17,17,17,17,17
2024-09-22 04:29:37.178840,0x4358fbec,15,15,15,15,15,15
2024-09-22 04:31:36.843029,0x4358fbec,17,17,17,17,17,17
2024-09-22 04:33:37.174167,0x4358fbec,19,19,19,19,19,19
2024-09-22 04:35:37.308535,0x4358fbec,15,15,19,15,15,19
2024-09-22 04:37:37.529594,0x4358fbec,14,15,15,14,15,15
2024-09-22 04:39:37.799744,0x4358fbec,19,19,19,19,19,19
2024-09-22 04:41:38.003927,0x4358fbec,16,18,18,16,18,18
2024-09-22 04:43:38.929136,0x4358fbec,18,19,19,18,19,19
2024-09-22 04:45:38.470073,0x4358fbec,14,15,15,14,15,15
2024-09-22 04:47:38.703299,0x4358fbec,16,18,18,16,18,18
2024-09-22 04:49:38.946360,0x4358fbec,19,19,19,19,19,19
2024-09-22 04:51:39.193543,0x4358fbec,17,19,19,17,19,19
2024-09-22 04:53:39.447421,0x4358fbec,17,17,17,17,17,17
2024-09-22 04:55:39.805625,0x4358fbec,18,18,18,18,18,18
2024-09-22 04:57:39.890556,0x4358fbec,16,18,19,16,18,19
2024-09-22 04:59:40.126606,0x4358fbec,20,20,20,20,20,20
2024-09-22 05:01:40.330744,0x4358fbec,17,19,19,17,19,19
2024-09-22 05:03:40.619807,0x4358fbec,18,18,19,18,18,19
2024-09-22 05:05:40.842843,0x4358fbec,15,15,15,15,15,15
2024-09-22 05:07:41.103842,0x4358fbec,15,15,15,15,15,15
2024-09-22 05:09:41.321993,0x4358fbec,18,18,18,18,18,18
2024-09-22 05:11:42.034169,0x4358fbec,16,16,16,16,16,16
2024-09-22 05:13:41.761215,0x4358fbec,17,17,17,17,17,17
2024-09-22 05:15:41.986275,0x4358fbec,15,16,18,15,16,18
2024-09-22 05:17:42.271285,0x4358fbec,16,16,16,16,16,16
2024-09-22 05:19:42.463388,0x4358fbec,19,20,20,19,20,20
2024-09-22 05:21:42.687408,0x4358fbec,16,18,18,16,18,18
2024-09-22 05:23:42.928590,0x4358fbec,16,16,17,16,16,17
2024-09-22 05:25:43.164397,0x4358fbec,15,15,15,15,15,15
2024-09-22 05:27:43.438512,0x4358fbec,19,19,19,19,19,19
2024-09-22 05:29:43.631602,0x4358fbec,18,18,18,18,18,18
2024-09-22 05:31:43.857748,0x4358fbec,15,16,16,15,16,16
2024-09-22 05:33:44.627707,0x4358fbec,15,15,15,15,15,15
2024-09-22 05:35:44.337946,0x4358fbec,16,16,18,16,16,18
2024-09-22 05:37:44.578006,0x4358fbec,19,19,19,19,19,19
2024-09-22 05:39:44.870288,0x4358fbec,17,17,19,17,17,19
2024-09-22 05:41:45.186537,0x4358fbec,14,15,15,14,15,15
2024-09-22 05:43:45.475564,0x4358fbec,16,16,17,16,16,17
2024-09-22 05:45:45.718548,0x4358fbec,14,15,15,14,15,15
2024-09-22 05:47:45.993727,0x4358fbec,17,17,17,17,17,17
2024-09-22 05:49:46.185692,0x4358fbec,18,19,19,18,19,19
2024-09-22 05:51:46.466853,0x4358fbec,16,16,18,16,16,18
2024-09-22 05:53:46.651869,0x4358fbec,18,18,18,18,18,18
2024-09-22 05:55:46.926931,0x4358fbec,18,18,18,18,18,18
2024-09-22 05:57:47.645278,0x4358fbec,19,20,20,19,20,20
2024-09-22 05:59:47.354206,0x4358fbec,19,19,20,19,19,20
2024-09-22 06:01:47.734200,0x4358fbec,15,15,16,15,15,16
2024-09-22 06:03:48.397514,0x4358fbec,18,18,18,18,18,18
2024-09-22 06:05:48.053356,0x4358fbec,14,15,15,14,15,15
2024-09-22 06:07:48.308446,0x4358fbec,15,15,15,15,15,15
2024-09-22 06:09:48.562684,0x4358fbec,17,17,17,17,17,17
2024-09-22 06:11:48.769170,0x4358fbec,16,16,16,16,16,16
2024-09-22 06:13:48.986414,0x4358fbec,15,15,16,15,15,16
2024-09-22 06:15:49.244652,0x4358fbec,15,15,15,15,15,15
2024-09-22 06:17:49.477092,0x4358fbec,18,18,18,18,18,18
2024-09-22 06:19:49.730176,0x4358fbec,15,15,15,15,15,15
2024-09-22 06:21:49.974426,0x4358fbec,14,14,14,14,14,14
2024-09-22 06:23:50.150694,0x4358fbec,15,15,15,15,15,15
2024-09-22 06:25:50.381692,0x4358fbec,15,15,15,15,15,15
2024-09-22 06:27:50.626041,0x4358fbec,15,15,18,15,15,18
2024-09-22 06:29:50.868249,0x4358fbec,14,14,14,14,14,14
2024-09-22 06:31:51.084214,0x4358fbec,14,14,14,14,14,14
2024-09-22 06:33:51.369277,0x4358fbec,15,15,15,15,15,15
2024-09-22 06:35:52.093671,0x4358fbec,15,15,15,15,15,15
2024-09-22 06:37:51.785544,0x4358fbec,16,16,16,16,16,16
2024-09-22 06:39:52.029554,0x4358fbec,16,16,16,16,16,16
2024-09-22 06:41:52.254785,0x4358fbec,16,16,16,16,16,16
2024-09-22 06:43:52.535339,0x4358fbec,14,14,14,14,14,14
2024-09-22 06:45:52.730796,0x4358fbec,15,15,17,15,15,17
2024-09-22 06:47:53.059373,0x4358fbec,15,15,15,15,15,15
2024-09-22 06:49:53.247591,0x4358fbec,15,15,15,15,15,15
2024-09-22 06:51:54.039986,0x4358fbec,14,14,14,14,14,14
2024-09-22 06:53:53.736359,0x4358fbec,13,13,13,13,13,13
2024-09-22 06:55:54.507586,0x4358fbec,12,12,12,12,12,12
2024-09-22 06:57:54.631828,0x4358fbec,15,15,15,15,15,15
2024-09-22 06:59:54.976018,0x4358fbec,13,13,13,13,13,13
2024-09-22 07:01:54.620336,0x4358fbec,15,15,15,15,15,15
2024-09-22 07:03:54.877547,0x4358fbec,14,14,14,14,14,14
2024-09-22 07:05:55.589644,0x4358fbec,14,14,14,14,14,14
2024-09-22 07:07:55.315033,0x4358fbec,14,14,14,14,14,14
2024-09-22 07:09:55.660227,0x4358fbec,15,15,15,15,15,15
2024-09-22 07:11:56.279404,0x4358fbec,14,14,14,14,14,14
2024-09-22 07:13:56.036776,0x4358fbec,14,14,14,14,14,14
2024-09-22 07:15:56.355706,0x4358fbec,14,14,14,14,14,14
2024-09-22 07:17:56.553530,0x4358fbec,14,14,14,14,14,14
2024-09-22 07:19:57.453943,0x4358fbec,14,14,14,14,14,14
2024-09-22 07:21:56.996222,0x4358fbec,14,14,14,14,14,14
2024-09-22 07:23:57.238977,0x4358fbec,15,15,15,15,15,15
2024-09-22 07:25:57.421684,0x4358fbec,18,18,18,18,18,18
2024-09-22 07:27:57.656369,0x4358fbec,15,15,15,15,15,15
2024-09-22 07:29:57.880034,0x4358fbec,15,15,15,15,15,15
2024-09-22 07:31:58.683182,0x4358fbec,15,15,15,15,15,15
2024-09-22 07:33:58.406059,0x4358fbec,17,17,17,17,17,17
2024-09-22 07:35:58.589885,0x4358fbec,15,15,16,15,15,16
2024-09-22 07:37:59.592882,0x4358fbec,14,14,14,14,14,14
2024-09-22 07:39:59.046883,0x4358fbec,12,12,12,12,12,12
2024-09-22 07:41:59.351024,0x4358fbec,13,13,13,13,13,13
2024-09-22 07:43:59.816062,0x4358fbec,14,14,14,14,14,14
2024-09-22 07:45:59.750059,0x4358fbec,17,17,17,17,17,17
2024-09-22 07:47:59.988044,0x4358fbec,16,16,16,16,16,16
2024-09-22 07:50:00.217117,0x4358fbec,15,15,15,15,15,15
2024-09-22 07:52:00.609315,0x4358fbec,14,14,14,14,14,14
2024-09-22 07:54:00.684094,0x4358fbec,14,14,14,14,14,14
2024-09-22 07:56:00.927567,0x4358fbec,12,12,12,12,12,12
2024-09-22 07:58:01.173176,0x4358fbec,13,13,13,13,13,13
2024-09-22 08:00:01.990524,0x4358fbec,15,15,15,15,15,15
2024-09-22 08:02:01.709010,0x4358fbec,16,18,18,16,18,18
2024-09-22 08:04:01.889197,0x4358fbec,16,16,16,16,16,16
2024-09-22 08:06:02.498511,0x4358fbec,14,14,14,14,14,14
2024-09-22 08:08:02.346709,0x4358fbec,15,15,15,15,15,15
2024-09-22 08:10:02.624025,0x4358fbec,15,15,15,15,15,15
2024-09-22 08:12:02.809300,0x4358fbec,14,14,14,14,14,14
2024-09-22 08:14:03.502398,0x4358fbec,14,14,14,14,14,14
2024-09-22 08:16:03.570734,0x4358fbec,15,15,15,15,15,15
2024-09-22 08:18:04.257867,0x4358fbec,15,15,15,15,15,15
2024-09-22 08:20:04.495030,0x4358fbec,15,15,15,15,15,15
2024-09-22 08:22:04.236140,0x4358fbec,15,15,15,15,15,15
2024-09-22 08:24:04.790226,0x4358fbec,16,16,16,16,16,16
2024-09-22 08:26:04.723141,0x4358fbec,14,14,15,14,14,15
2024-09-22 08:28:04.984448,0x4358fbec,14,14,14,14,14,14
2024-09-22 08:30:05.224984,0x4358fbec,11,11,11,11,11,11
2024-09-22 08:32:05.401504,0x4358fbec,16,16,16,16,16,16
2024-09-22 08:34:06.191080,0x4358fbec,14,14,14,14,14,14
2024-09-22 08:36:05.911541,0x4358fbec,14,14,15,14,14,15
2024-09-22 08:38:06.108446,0x4358fbec,14,14,14,14,14,14
2024-09-22 08:40:07.868328,0x4358fbec,41,41,42,34,39,42
2024-09-22 08:41:06.824297,0x4358fbec,34,34,36,30,34,36
2024-09-22 08:41:07.952158,0x433efcb4,8,14,16,8,14,16
2024-09-22 08:42:07.068164,0x4358fbec,40,40,40,34,39,40
2024-09-22 08:42:12.129310,0x433efcb4,8,15,17,8,15,17
2024-09-22 08:43:07.116122,0x4358fbec,36,36,36,31,36,36
2024-09-22 08:43:09.940176,0x433efcb4,8,12,13,8,12,13
2024-09-22 08:44:07.337128,0x4358fbec,32,32,32,29,32,32
2024-09-22 08:44:12.908247,0x433efcb4,10,17,20,10,17,20
2024-09-22 08:45:07.624962,0x4358fbec,41,41,41,34,39,41
2024-09-22 08:45:08.561991,0x433efcb4,8,18,21,8,18,21
2024-09-22 08:46:07.834100,0x4358fbec,24,24,24,24,24,24
2024-09-22 08:46:08.762006,0x433efcb4,7,13,13,7,13,13
2024-09-22 08:47:08.282977,0x4358fbec,22,22,22,22,22,22
2024-09-22 08:47:09.248971,0x433efcb4,7,14,15,7,14,15
2024-09-22 08:48:11.170866,0x4358fbec,24,24,24,24,24,24
2024-09-22 08:49:09.232731,0x4358fbec,20,20,20,20,20,20
2024-09-22 08:49:10.182774,0x433efcb4,10,16,18,10,16,18
2024-09-22 08:50:08.854869,0x4358fbec,25,25,25,25,25,25
2024-09-22 08:51:09.091790,0x4358fbec,24,24,24,24,24,24
2024-09-22 08:52:09.325733,0x4358fbec,15,15,15,15,15,15
2024-09-22 08:53:10.196806,0x4358fbec,14,14,14,14,14,14
2024-09-22 08:54:09.846741,0x4358fbec,14,14,14,14,14,14
2024-09-22 08:55:10.103766,0x4358fbec,11,11,14,11,11,14
2024-09-22 08:56:10.313636,0x4358fbec,11,11,11,11,11,11
2024-09-22 08:57:10.627734,0x4358fbec,15,15,15,15,15,15
2024-09-22 08:58:10.810661,0x4358fbec,16,16,16,16,16,16
2024-09-22 08:59:10.955739,0x4358fbec,20,20,20,20,20,20
2024-09-22 09:00:11.318011,0x4358fbec,20,20,20,20,20,20
2024-09-22 09:01:11.611624,0x4358fbec,23,23,23,23,23,23
2024-09-22 09:02:11.670016,0x4358fbec,23,23,23,23,23,23
2024-09-22 09:03:11.992478,0x4358fbec,28,28,28,27,28,28
2024-09-22 09:04:12.155646,0x4358fbec,20,20,20,20,20,20
2024-09-22 09:05:12.392077,0x4358fbec,28,28,28,27,28,28
2024-09-22 09:06:12.623355,0x4358fbec,21,21,21,21,21,21
2024-09-22 09:07:12.870712,0x4358fbec,23,23,23,23,23,23
2024-09-22 09:09:13.392138,0x4358fbec,22,22,22,22,22,22
2024-09-22 09:10:13.695408,0x4358fbec,18,18,18,18,18,18
2024-09-22 09:11:14.058876,0x4358fbec,26,26,26,26,26,26
2024-09-22 09:12:14.134905,0x4358fbec,18,19,19,18,19,19
2024-09-22 09:13:14.409947,0x4358fbec,20,20,20,20,20,20
2024-09-22 09:14:14.638350,0x4358fbec,14,14,14,14,14,14
2024-09-22 09:15:15.016281,0x4358fbec,16,16,16,16,16,16
2024-09-22 09:16:15.250431,0x4358fbec,13,13,13,13,13,13
2024-09-22 09:17:15.346586,0x4358fbec,15,15,15,15,15,15
2024-09-22 09:18:15.591604,0x4358fbec,15,15,15,15,15,15
2024-09-22 09:19:15.943771,0x4358fbec,16,16,16,16,16,16
2024-09-22 09:20:16.180069,0x4358fbec,14,14,14,14,14,14
2024-09-22 09:21:16.416075,0x4358fbec,18,24,26,18,24,26
2024-09-22 09:22:16.676207,0x4358fbec,19,22,23,19,22,23
2024-09-22 11:02:00.983350,0x4358fbec,48,54,55,37,48,55
2024-09-22 11:08:53.988825,0x4358fbec,41,45,45,34,42,45
2024-09-22 11:13:20.842834,0x4358fbec,36,40,43,32,40,43
2024-09-22 11:13:21.775807,0x4358fbec,44,52,55,36,47,55
2024-09-22 11:13:28.769838,0x4358fbec,45,52,55,36,46,55
2024-09-22 11:14:49.667641,0x4358fbec,27,32,33,26,32,33
2024-09-22 11:18:59.884312,0x4358fbec,49,52,52,37,46,52
2024-09-22 11:27:15.409270,0x4358fbec,58,65,65,41,53,62
2024-09-22 11:29:34.636289,0x4358fbec,22,26,32,22,26,32
2024-09-22 11:29:58.043342,0x4358fbec,65,66,72,44,55,66
2024-09-22 11:33:00.919737,0x4358fbec,43,50,51,36,45,51
2024-09-22 11:38:58.821037,0x4358fbec,33,36,37,29,36,37
2024-09-22 11:42:34.520500,0x4358fbec,54,60,60,39,51,58
2024-09-22 11:45:52.376377,0x4358fbec,45,52,55,36,46,55
2024-09-22 11:49:04.304048,0x4358fbec,36,43,48,30,41,48
2024-09-22 11:55:34.257960,0x4358fbec,26,31,32,26,31,32
2024-09-22 11:57:19.494190,0x4358fbec,33,40,44,29,38,44
2024-09-22 11:59:59.477007,0x4358fbec,14,19,23,14,19,23
2024-09-22 12:02:52.825380,0x4358fbec,29,34,38,28,34,38
2024-09-22 12:05:58.940396,0x4358fbec,8,15,16,8,15,16
2024-09-22 12:06:05.961719,0x4358fbec,63,68,69,43,55,64
2024-09-22 12:08:13.261023,0x4358fbec,26,31,32,26,31,32
2024-09-22 12:09:12.216680,0x4358fbec,30,34,36,28,34,36
2024-09-22 12:12:44.033751,0x4358fbec,14,17,17,14,17,17
2024-09-22 12:15:00.594290,0x4358fbec,38,39,41,33,38,41
2024-09-22 12:23:58.499084,0x4358fbec,51,52,54,38,46,54
2024-09-22 12:26:12.110807,0x4358fbec,24,25,25,24,25,25
2024-09-22 12:28:52.998435,0x4358fbec,35,39,40,30,38,40
2024-09-22 12:30:07.015986,0x4358fbec,30,33,35,28,33,35
2024-09-22 12:33:12.088526,0x4358fbec,52,56,56,39,48,56
2024-09-22 12:36:07.001547,0x4358fbec,25,28,28,25,28,28
2024-09-22 12:39:06.995626,0x4358fbec,41,44,44,35,41,44
2024-09-22 12:42:00.424780,0x4358fbec,31,34,35,29,34,35
2024-09-22 12:45:01.274823,0x4358fbec,29,37,37,28,37,37
2024-09-22 12:48:00.735864,0x4358fbec,22,22,23,22,22,23
2024-09-22 12:51:14.483467,0x4358fbec,23,25,27,23,25,27
2024-09-22 12:54:09.616467,0x4358fbec,29,31,33,28,31,33
2024-09-22 13:03:04.095087,0x4358fbec,26,30,31,25,30,31
2024-09-22 13:06:00.520014,0x4358fbec,29,34,34,27,34,34
2024-09-22 13:09:15.070991,0x4358fbec,25,30,30,25,30,30
2024-09-22 13:12:04.815049,0x4358fbec,16,17,19,16,17,19
2024-09-22 13:16:53.490567,0x4358fbec,16,20,23,16,20,23
2024-09-22 13:21:06.447624,0x4358fbec,11,12,18,11,12,18
2024-09-22 13:24:52.493359,0x4358fbec,13,15,16,13,15,16
2024-09-22 13:28:27.670062,0x4358fbec,11,13,15,11,13,15
2024-09-22 13:30:13.947854,0x4358fbec,11,13,13,11,13,13
2024-09-22 13:33:23.609890,0x4358fbec,11,16,16,11,16,16
2024-09-22 13:42:09.040354,0x4358fbec,75,87,88,49,62,74
2024-09-22 13:43:18.726510,0x4358fbec,16,21,22,16,21,22
2024-09-22 13:45:19.990397,0x4358fbec,45,50,51,35,45,51
2024-09-22 13:48:44.625874,0x4358fbec,40,42,44,33,40,44
2024-09-22 13:51:21.995168,0x4358fbec,31,35,36,28,35,36
2024-09-22 13:55:31.613250,0x4358fbec,35,39,39,30,38,39
2024-09-22 13:57:07.814464,0x4358fbec,30,34,35,28,34,35
2024-09-22 14:00:06.013456,0x4358fbec,34,37,37,29,37,37
2024-09-22 14:03:35.852556,0x4358fbec,35,37,37,30,36,37
2024-09-22 14:07:03.585487,0x4358fbec,33,35,36,29,35,36
2024-09-22 14:10:11.812835,0x4358fbec,37,41,41,31,39,41
2024-09-22 14:12:24.123291,0x4358fbec,19,22,25,19,22,25
2024-09-22 14:15:19.837285,0x4358fbec,36,38,42,31,37,42
2024-09-22 14:18:12.404227,0x4358fbec,36,40,41,32,39,41
2024-09-22 14:20:14.255183,0x4358fbec,33,35,36,29,35,36
2024-09-22 14:24:27.313965,0x4358fbec,29,32,33,27,32,33
2024-09-22 14:27:38.211569,0x4358fbec,20,24,24,20,24,24
2024-09-22 14:32:07.440444,0x4358fbec,38,40,43,32,39,43
2024-09-22 14:36:04.430540,0x4358fbec,29,32,33,27,32,33
2024-09-22 14:36:22.870167,0x4358fbec,29,30,32,26,30,32
2024-09-22 14:39:25.035435,0x4358fbec,31,33,35,27,33,35
2024-09-22 14:41:07.475703,0x4358fbec,37,38,42,32,37,42
2024-09-22 14:45:08.601912,0x4358fbec,30,35,40,28,35,40
2024-09-22 14:48:27.898922,0x4358fbec,34,35,35,29,35,35
2024-09-22 14:54:33.583292,0x4358fbec,26,27,30,25,27,30
2024-09-22 14:57:50.931980,0x4358fbec,27,28,30,26,28,30
2024-09-22 14:58:01.909545,0x4358fbec,24,25,26,24,25,26
2024-09-22 15:00:16.681912,0x4358fbec,30,32,33,27,32,33
2024-09-22 15:03:19.668296,0x4358fbec,28,33,33,26,33,33
2024-09-22 15:06:38.881913,0x4358fbec,30,35,36,27,35,36
2024-09-22 15:09:10.472979,0x4358fbec,32,36,37,28,36,37
2024-09-22 15:12:17.187412,0x4358fbec,31,33,34,27,33,34
2024-09-22 15:15:25.424788,0x4358fbec,33,35,35,28,35,35
2024-09-22 15:18:38.756385,0x4358fbec,33,35,35,29,35,35
2024-09-22 15:20:16.131800,0x4358fbec,30,35,36,27,35,36
2024-09-22 15:21:25.366184,0x4358fbec,24,26,26,24,26,26
2024-09-22 15:28:37.274017,0x4358fbec,30,32,35,27,32,35
2024-09-22 15:30:32.327019,0x4358fbec,20,21,23,20,21,23
2024-09-22 15:33:54.894945,0x4358fbec,12,14,14,12,14,14
2024-09-22 15:34:12.963596,0x4358fbec,29,32,32,27,32,32
2024-09-22 15:36:33.886394,0x4358fbec,32,34,34,28,34,34
2024-09-22 15:41:08.211707,0x4358fbec,38,40,40,32,38,40
2024-09-22 15:42:34.288651,0x4358fbec,30,30,31,27,30,31
2024-09-22 15:45:47.287219,0x4358fbec,31,36,37,27,36,37
2024-09-22 15:48:16.324313,0x4358fbec,29,30,30,27,30,30
2024-09-22 15:51:29.647957,0x4358fbec,32,32,33,28,32,33
2024-09-22 15:54:20.378718,0x4358fbec,27,29,29,26,29,29
2024-09-22 15:57:18.970654,0x4358fbec,32,35,35,29,35,35
2024-09-22 16:03:22.247232,0x4358fbec,31,31,32,27,31,32
2024-09-22 16:06:22.318155,0x4358fbec,30,30,31,28,30,31
2024-09-22 16:08:19.558211,0x4358fbec,27,30,30,26,30,30
2024-09-22 16:09:30.213542,0x4358fbec,30,33,35,28,33,35
2024-09-22 16:13:45.364277,0x4358fbec,27,28,30,26,28,30
2024-09-22 16:17:56.185984,0x4358fbec,26,29,29,25,29,29
2024-09-22 16:18:22.221916,0x4358fbec,29,30,30,26,30,30
2024-09-22 16:21:28.371993,0x4358fbec,28,30,30,26,30,30
2024-09-22 16:24:18.590730,0x4358fbec,26,27,27,25,27,27
2024-09-22 16:27:53.262014,0x4358fbec,32,33,33,28,33,33
2024-09-22 16:30:21.421919,0x4358fbec,26,27,28,25,27,28
2024-09-22 16:33:46.873802,0x4358fbec,23,26,29,23,26,29
2024-09-22 16:36:31.779378,0x4358fbec,25,25,25,24,25,25
2024-09-22 16:39:27.988262,0x4358fbec,30,33,36,27,33,36
2024-09-22 16:45:33.550703,0x4358fbec,28,28,28,26,28,28
2024-09-22 16:53:51.608679,0x4358fbec,24,25,25,24,25,25
2024-09-22 16:54:25.465833,0x4358fbec,29,29,31,26,29,31
2024-09-22 16:57:32.674238,0x4358fbec,31,38,38,28,36,38
2024-09-22 17:00:30.520104,0x4358fbec,17,19,19,17,19,19
2024-09-22 17:03:31.754364,0x4358fbec,11,13,14,11,13,14
2024-09-22 17:06:30.434424,0x4358fbec,30,33,34,28,33,34
2024-09-22 17:11:32.278487,0x4358fbec,26,27,28,25,27,28
2024-09-22 17:12:25.903346,0x4358fbec,23,26,27,23,26,27
2024-09-22 17:19:01.763583,0x4358fbec,33,35,37,30,35,37
2024-09-22 17:21:42.091075,0x4358fbec,42,45,46,35,41,46
2024-09-22 17:24:36.522114,0x4358fbec,36,37,37,31,37,37
