2024-08-28 17:56:19.542320,0x336918e8,13.23
2024-08-28 17:56:24.268330,0x336918e8,13.235
2024-08-28 17:56:36.128972,0x336918e8,13.2375
2024-08-28 17:57:13.411123,0x336918e8,13.2325
2024-08-28 17:57:18.296357,0x336918e8,13.23625
2024-08-28 17:57:27.764701,0x336918e8,13.2325
2024-08-28 17:58:03.974996,0x336918e8,13.215
2024-08-28 17:59:23.871675,0x336918e8,13.23125
2024-08-28 17:59:45.346540,0x336918e8,13.2175
2024-08-28 18:01:35.475583,0x336918e8,13.23125
2024-08-28 18:39:40.239127,0x336918e8,13.21375
2024-08-28 18:40:21.921455,0x336918e8,13.23375
2024-08-28 18:44:09.815079,0x336918e8,13.235
2024-08-28 18:47:40.822018,0x336918e8,13.22375
2024-08-28 18:49:57.431797,0x336918e8,13.215
2024-08-28 18:51:48.760678,0x336918e8,13.2125
2024-08-28 18:56:23.998569,0x336918e8,13.215
2024-08-28 18:59:35.176023,0x336918e8,13.235
2024-08-28 19:03:22.562994,0x336918e8,13.21
2024-08-28 19:03:38.726571,0x336918e8,13.20625
2024-08-28 19:03:57.902261,0x336918e8,13.215
2024-08-28 19:05:02.307387,0x336918e8,13.1975
2024-08-28 19:12:32.809842,0x336918e8,13.21625
2024-08-28 19:25:17.755277,0x336918e8,13.2125
2024-08-28 19:25:57.837806,0x336918e8,13.21
2024-08-28 19:26:32.471805,0x336918e8,13.23125
2024-08-28 19:27:44.654259,0x336918e8,13.21875
2024-08-28 19:33:45.005221,0x336918e8,13.21375
2024-08-28 19:37:49.103807,0x336918e8,13.2125
2024-08-28 19:41:49.841583,0x336918e8,13.2125
2024-08-28 19:42:30.254168,0x336918e8,13.22875
2024-08-28 19:44:39.715255,0x336918e8,13.23
2024-08-28 19:49:52.549928,0x336918e8,13.21125
2024-08-28 19:50:34.514306,0x336918e8,13.23
2024-08-28 19:50:59.661329,0x336918e8,13.23
2024-08-28 19:52:17.604878,0x336918e8,13.2125
2024-08-28 19:54:48.935233,0x336918e8,13.2325
2024-08-28 19:56:46.939452,0x336918e8,13.21
2024-08-28 19:58:04.329104,0x336918e8,13.21
2024-08-28 20:03:24.704064,0x336918e8,13.22375
2024-08-28 20:06:23.111402,0x336918e8,13.22875
2024-08-28 20:06:35.938984,0x336918e8,13.2275
2024-08-28 20:06:38.244026,0x336918e8,13.2325
2024-08-28 20:07:48.720410,0x336918e8,13.2125
2024-08-28 20:13:58.227910,0x336918e8,13.23375
2024-08-28 20:24:52.506247,0x336918e8,13.235
2024-08-28 20:26:01.198613,0x336918e8,13.2075
2024-08-28 20:29:51.128400,0x336918e8,13.22
2024-08-28 20:31:46.025087,0x336918e8,13.23375
2024-08-28 20:32:03.315541,0x336918e8,13.21
2024-08-28 20:40:27.097816,0x336918e8,13.235
2024-08-31 09:28:17.385103,0x336918e8,13.105
2024-08-31 09:28:40.142739,0x336918e8,13.1075
2024-08-31 09:33:03.558936,0x336918e8,13.0725
2024-08-31 09:33:43.081942,0x336918e8,13.1075
2024-09-03 13:12:10.349011,0x336918e8,13.07
2024-09-03 13:14:42.963438,0x336918e8,13.09375
2024-09-04 11:46:14.701311,0x336918e8,13.0725
2024-09-04 11:52:23.322783,0x336918e8,13.05125
2024-09-04 11:54:02.986153,0x336918e8,13.07625
2024-09-04 12:01:40.550594,0x336918e8,13.0725
2024-09-04 12:02:05.219438,0x336918e8,13.07375
2024-09-04 12:03:52.235087,0x336918e8,13.075
2024-09-04 12:08:12.388789,0x336918e8,13.075
2024-09-04 12:14:45.671208,0x336918e8,13.07375
2024-09-04 12:15:03.848986,0x336918e8,13.07625
2024-09-04 12:15:15.407320,0x336918e8,13.0725
2024-09-04 12:17:42.937325,0x336918e8,13.07625
2024-09-04 12:17:51.054540,0x336918e8,13.045
2024-09-04 12:20:27.047883,0x336918e8,13.055
2024-09-04 12:24:45.615504,0x336918e8,13.0525
2024-09-04 12:26:09.474321,0x336918e8,13.055
2024-09-04 12:27:54.346011,0x336918e8,13.0575
2024-09-04 12:36:06.233679,0x336918e8,13.0775
2024-09-04 12:39:06.662929,0x336918e8,13.0775
2024-09-04 12:41:27.666588,0x336918e8,13.07625
2024-09-04 12:44:53.564649,0x336918e8,13.07
2024-09-04 12:46:38.135180,0x336918e8,13.07875
2024-09-04 12:49:35.473217,0x336918e8,13.05375
2024-09-04 12:52:50.174997,0x336918e8,13.075
2024-09-04 13:18:26.626309,0x336918e8,13.055
2024-09-04 13:19:34.035402,0x336918e8,13.06
2024-09-04 13:19:47.952042,0x336918e8,13.075
2024-09-04 13:20:15.657958,0x336918e8,13.07875
2024-09-04 13:21:29.730408,0x336918e8,13.075
2024-09-04 13:21:51.228388,0x336918e8,13.0775
2024-09-04 13:22:06.727718,0x336918e8,13.07375
2024-09-04 13:25:19.410455,0x336918e8,13.07875
2024-09-04 13:28:16.811558,0x336918e8,13.075
2024-09-04 13:28:17.396377,0x336918e8,13.08
2024-09-04 13:32:06.429279,0x336918e8,13.0775
2024-09-04 13:35:22.658876,0x336918e8,13.08125
2024-09-04 13:37:16.557787,0x336918e8,13.0275
2024-09-04 13:37:28.353295,0x336918e8,13.07875
2024-09-04 13:39:17.470854,0x336918e8,13.07875
2024-09-04 13:41:52.683311,0x336918e8,13.0575
2024-09-04 13:47:59.574791,0x336918e8,13.0525
2024-09-04 13:48:08.493034,0x336918e8,13.06
2024-09-04 13:51:20.123537,0x336918e8,13.06125
2024-09-04 13:51:48.591474,0x336918e8,13.06125
2024-09-04 13:57:42.785552,0x336918e8,13.07875
2024-09-04 14:01:05.666711,0x336918e8,13.06125
2024-09-04 14:02:07.135692,0x336918e8,13.055
2024-09-04 14:02:50.329040,0x336918e8,13.0775
2024-09-04 14:09:39.598116,0x336918e8,13.07875
2024-09-04 14:09:59.144732,0x336918e8,13.0725
2024-09-04 14:12:54.330665,0x336918e8,13.07875
2024-09-04 14:13:55.683698,0x336918e8,13.08
2024-09-04 14:16:08.349220,0x336918e8,13.07625
2024-09-04 14:17:38.610401,0x336918e8,13.08125
2024-09-04 14:17:56.963140,0x336918e8,13.0825
2024-09-04 14:21:53.332041,0x336918e8,13.07875
2024-09-04 14:25:13.384842,0x336918e8,13.0775
2024-09-04 14:27:03.647562,0x336918e8,13.0775
2024-09-04 14:27:59.602728,0x336918e8,13.08125
2024-09-04 14:32:37.307123,0x336918e8,13.07625
2024-09-04 14:32:46.110575,0x336918e8,13.0775
2024-09-04 14:36:33.396262,0x336918e8,13.0825
2024-09-04 14:51:51.449241,0x336918e8,13.07625
2024-09-04 15:03:33.999541,0x336918e8,13.08125
2024-09-04 15:04:33.795233,0x336918e8,13.08125
2024-09-04 15:04:34.468200,0x336918e8,13.0825
2024-09-04 15:04:41.631449,0x336918e8,13.0825
2024-09-04 15:04:50.276885,0x336918e8,13.0575
2024-09-04 15:05:07.565451,0x336918e8,13.05875
2024-09-04 15:05:47.686961,0x336918e8,13.08375
2024-09-04 15:06:02.958334,0x336918e8,13.08
2024-09-04 15:06:08.804538,0x336918e8,13.08125
2024-09-04 15:08:08.283742,0x336918e8,13.07875
2024-09-04 15:10:16.427860,0x336918e8,13.0725
2024-09-04 15:12:45.618908,0x336918e8,13.07625
2024-09-04 15:22:32.558008,0x336918e8,13.08
2024-09-04 15:22:51.346747,0x336918e8,13.07875
2024-09-04 15:23:01.439993,0x336918e8,13.06
2024-09-04 15:24:19.295619,0x336918e8,13.06
2024-09-04 15:24:38.434404,0x336918e8,13.08125
2024-09-04 15:26:10.751475,0x336918e8,13.0575
2024-09-04 15:28:05.700396,0x336918e8,13.06625
2024-09-04 15:36:54.287334,0x336918e8,13.0625
2024-09-04 15:36:54.963174,0x336918e8,13.05875
2024-09-04 15:37:06.337764,0x336918e8,13.06125
2024-09-04 15:37:44.796090,0x336918e8,13.06625
2024-09-04 15:38:17.787308,0x336918e8,13.06375
2024-09-04 15:40:42.488249,0x336918e8,13.08375
2024-09-04 15:42:45.028307,0x336918e8,13.08375
2024-09-04 15:45:21.122624,0x336918e8,13.085
2024-09-04 15:46:13.887411,0x336918e8,13.08625
2024-09-04 15:48:33.346225,0x336918e8,13.08375
2024-09-04 15:50:30.709079,0x336918e8,13.0875
2024-09-04 15:52:34.668480,0x336918e8,13.085
2024-09-04 15:56:11.058574,0x336918e8,13.08
2024-09-04 15:58:18.378149,0x336918e8,13.08125
2024-09-04 16:04:29.396834,0x336918e8,13.0875
2024-09-04 16:05:58.537813,0x336918e8,13.085
2024-09-04 16:06:18.173504,0x336918e8,13.08375
2024-09-04 16:06:27.017707,0x336918e8,13.08
2024-09-04 16:10:12.835367,0x336918e8,13.08375
2024-09-04 16:13:09.734451,0x336918e8,13.07875
2024-09-04 16:14:45.264602,0x336918e8,13.0875
2024-09-04 16:17:03.416194,0x336918e8,13.08375
2024-09-04 16:20:25.290314,0x336918e8,13.08625
2024-09-04 16:22:57.565307,0x336918e8,13.0675
2024-09-04 16:24:12.704837,0x336918e8,13.0675
2024-09-04 16:26:19.570365,0x336918e8,13.0675
2024-09-04 16:28:28.082733,0x336918e8,13.065
2024-09-04 16:30:15.942295,0x336918e8,13.06875
2024-09-04 16:34:18.900643,0x336918e8,13.06375
2024-09-04 16:37:48.445847,0x336918e8,13.065
2024-09-04 16:38:26.483285,0x336918e8,13.06875
2024-09-04 16:44:21.927260,0x336918e8,13.0925
2024-09-04 16:48:15.206105,0x336918e8,13.08625
2024-09-04 16:50:41.485178,0x336918e8,13.08875
2024-09-04 16:52:22.548726,0x336918e8,13.08875
2024-09-04 16:56:19.619673,0x336918e8,13.08625
2024-09-04 17:00:25.815110,0x336918e8,13.07
2024-09-04 17:02:33.178601,0x336918e8,13.06875
2024-09-04 17:06:45.017004,0x336918e8,13.07125
2024-09-04 17:09:35.778710,0x336918e8,13.0675
2024-09-04 17:10:38.899151,0x336918e8,13.06625
2024-09-04 17:12:22.544392,0x336918e8,13.0675
2024-09-04 17:14:51.813508,0x336918e8,13.0925
2024-09-04 17:22:27.641112,0x336918e8,13.08875
2024-09-04 17:26:29.989261,0x336918e8,13.07
2024-09-04 17:30:51.781295,0x336918e8,13.0375
2024-09-04 17:33:28.439559,0x336918e8,13.0375
2024-09-04 17:34:52.195319,0x336918e8,13.065
2024-09-04 17:36:32.356916,0x336918e8,13.0725
2024-09-04 17:41:11.575152,0x336918e8,13.09125
2024-09-04 17:42:34.193860,0x336918e8,13.0925
2024-09-04 17:45:10.982059,0x336918e8,13.0875
2024-09-04 17:48:42.779173,0x336918e8,13.08875
2024-09-04 17:52:37.674168,0x336918e8,13.0825
2024-09-04 17:53:00.156878,0x336918e8,13.09
2024-09-04 17:55:15.580518,0x336918e8,13.0925
2024-09-04 17:57:54.926931,0x336918e8,13.08625
2024-09-04 18:01:43.339839,0x336918e8,13.065
2024-09-04 18:02:40.806602,0x336918e8,13.06875
2024-09-04 18:04:31.000264,0x336918e8,13.07
2024-09-04 18:07:45.349050,0x336918e8,13.065
2024-09-04 18:09:45.023017,0x336918e8,13.07
2024-09-04 18:10:31.167666,0x336918e8,13.06625
2024-09-04 18:12:34.670073,0x336918e8,13.06875
2024-09-04 18:15:14.596335,0x336918e8,13.0675
2024-09-04 18:16:40.185220,0x336918e8,13.0675
2024-09-04 18:19:23.812729,0x336918e8,13.08875
2024-09-04 18:21:17.104685,0x336918e8,13.08625
2024-09-04 18:23:14.324542,0x336918e8,13.06875
2024-09-04 18:27:16.238767,0x336918e8,13.06875
2024-09-04 18:30:59.511239,0x336918e8,13.0675
2024-09-04 18:31:18.686044,0x336918e8,13.08875
2024-09-04 18:32:43.295774,0x336918e8,13.08625
2024-09-04 18:36:57.593552,0x336918e8,13.085
2024-09-04 18:43:48.678589,0x336918e8,13.09125
2024-09-04 18:44:15.017315,0x336918e8,13.09
2024-09-04 18:45:54.567740,0x336918e8,13.0925
2024-09-04 18:47:04.412144,0x336918e8,13.0875
2024-09-04 18:48:36.085424,0x336918e8,13.09
2024-09-04 18:52:39.535591,0x336918e8,13.0925
2024-09-04 18:54:55.929293,0x336918e8,13.09
2024-09-04 18:56:34.863683,0x336918e8,13.08875
2024-09-04 19:01:37.602002,0x336918e8,13.0825
2024-09-04 19:06:07.305290,0x336918e8,13.085
2024-09-04 19:06:23.287570,0x336918e8,13.07
2024-09-04 19:07:47.790502,0x336918e8,13.08625
2024-09-04 19:08:40.386488,0x336918e8,13.085
2024-09-04 19:13:55.066139,0x336918e8,13.0575
2024-09-04 19:15:39.910691,0x336918e8,13.09125
2024-09-04 19:16:47.026186,0x336918e8,13.07
2024-09-04 19:20:01.921609,0x336918e8,13.065
2024-09-04 19:22:39.505142,0x336918e8,13.07125
2024-09-04 19:25:11.995398,0x336918e8,13.08875
2024-09-04 19:28:04.142268,0x336918e8,13.0875
2024-09-04 19:29:26.530119,0x336918e8,13.09125
2024-09-04 19:31:12.618735,0x336918e8,13.06625
2024-09-04 19:34:07.997826,0x336918e8,13.085
2024-09-04 19:36:29.895680,0x336918e8,13.08375
2024-09-04 19:38:43.871373,0x336918e8,13.08625
2024-09-04 19:41:03.575145,0x336918e8,13.0875
2024-09-04 19:45:12.011543,0x336918e8,13.085
2024-09-04 19:50:39.776641,0x336918e8,13.0825
2024-09-04 19:51:43.446858,0x336918e8,13.06625
2024-09-04 19:54:06.514692,0x336918e8,13.065
2024-09-04 19:57:12.837129,0x336918e8,13.06875
2024-09-04 20:00:53.623813,0x336918e8,13.0625
2024-09-04 20:00:54.353615,0x336918e8,13.065
2024-09-04 20:02:44.914402,0x336918e8,13.065
2024-09-04 20:04:47.877866,0x336918e8,13.06625
2024-09-04 20:05:11.989731,0x336918e8,13.03375
2024-09-04 20:07:41.274932,0x336918e8,13.085
2024-09-04 20:09:31.249280,0x336918e8,13.05125
2024-09-04 20:17:18.301281,0x336918e8,13.08875
2024-09-04 20:18:06.667037,0x336918e8,13.085
2024-09-04 20:18:07.518915,0x336918e8,13.08625
2024-09-04 20:18:12.714223,0x336918e8,13.08
2024-09-04 20:28:43.874568,0x336918e8,13.085
2024-09-04 20:30:42.434731,0x336918e8,13.06625
2024-09-04 20:30:59.712474,0x336918e8,1.05518035e-26
2024-09-04 20:34:31.535479,0x336918e8,13.08375
2024-09-04 20:34:42.654910,0x336918e8,13.08
2024-09-04 20:35:20.408185,0x336918e8,13.08125
2024-09-04 20:37:01.915506,0x336918e8,13.08375
2024-09-04 20:39:02.441644,0x336918e8,13.08125
2024-09-04 20:40:51.490409,0x336918e8,13.08375
2024-09-04 20:49:17.475503,0x336918e8,13.06
2024-09-04 20:53:29.089109,0x336918e8,13.0775
2024-09-04 20:53:50.987099,0x336918e8,13.06375
2024-09-04 20:56:50.233030,0x336918e8,13.08
2024-09-04 20:56:51.114962,0x336918e8,13.085
2024-09-04 20:58:32.747443,0x336918e8,13.08375
2024-09-04 21:01:47.069203,0x336918e8,13.08375
2024-09-04 21:04:22.981667,0x336918e8,13.04875
2024-09-04 21:09:42.271539,0x336918e8,13.08
2024-09-04 21:13:20.611124,0x336918e8,13.06375
2024-09-04 21:15:42.750941,0x336918e8,13.0825
2024-09-04 21:18:10.075957,0x336918e8,13.075
2024-09-04 21:19:19.494460,0x336918e8,13.08
2024-09-04 21:23:36.995176,0x336918e8,13.08
2024-09-04 21:27:12.646479,0x336918e8,13.07625
2024-09-04 21:32:12.968839,0x336918e8,13.08375
2024-09-04 21:33:33.211571,0x336918e8,13.0775
2024-09-04 21:33:47.110017,0x336918e8,13.07875
2024-09-04 21:33:51.150136,0x336918e8,13.0775
2024-09-04 21:39:02.218585,0x336918e8,13.0625
2024-09-04 21:39:08.120910,0x336918e8,13.02875
2024-09-04 21:39:40.816059,0x336918e8,13.0775
2024-09-04 21:45:24.114508,0x336918e8,13.0575
2024-09-04 21:49:01.924941,0x336918e8,13.0625
2024-09-04 21:49:56.016770,0x336918e8,13.06375
2024-09-04 21:51:11.477280,0x336918e8,13.075
2024-09-04 21:55:39.599296,0x336918e8,13.08125
2024-09-04 21:59:37.296452,0x336918e8,13.08125
2024-09-04 22:02:09.769514,0x336918e8,13.06
2024-09-04 22:03:09.852637,0x336918e8,13.0775
2024-09-04 22:05:32.988391,0x336918e8,13.075
2024-09-04 22:08:41.069877,0x336918e8,13.075
2024-09-04 22:13:16.149326,0x336918e8,13.02875
2024-09-04 22:17:08.245255,0x336918e8,13.07625
2024-09-04 22:21:28.929068,0x336918e8,13.07625
2024-09-04 22:23:17.986100,0x336918e8,13.07625
2024-09-04 22:26:00.432405,0x336918e8,13.075
2024-09-04 22:27:38.839018,0x336918e8,13.07125
2024-09-04 22:29:08.554888,0x336918e8,13.07
2024-09-04 22:31:27.663529,0x336918e8,13.06
2024-09-04 22:32:24.918623,0x336918e8,13.075
2024-09-04 22:35:17.203518,0x336918e8,13.07125
2024-09-04 22:37:55.727911,0x336918e8,13.07
2024-09-04 22:39:27.233918,0x336918e8,13.05625
2024-09-04 22:41:49.993804,0x336918e8,13.055
2024-09-04 22:45:47.877046,0x336918e8,13.06875
2024-09-04 22:48:11.167604,0x336918e8,13.0675
2024-09-04 22:48:17.222948,0x336918e8,13.0675
2024-09-04 22:52:30.886518,0x336918e8,13.07125
2024-09-04 22:53:51.394152,0x336918e8,13.07375
2024-09-04 22:55:10.301183,0x336918e8,13.0725
2024-09-04 22:57:43.906311,0x336918e8,13.07375
2024-09-04 22:59:10.587133,0x336918e8,13.06375
2024-09-04 23:03:56.389674,0x336918e8,13.07
2024-09-04 23:06:56.645922,0x336918e8,13.07
2024-09-04 23:08:10.642447,0x336918e8,13.07125
2024-09-04 23:09:09.813497,0x336918e8,13.055
2024-09-04 23:13:24.310103,0x336918e8,13.0675
2024-09-04 23:14:15.220740,0x336918e8,13.055
2024-09-04 23:15:38.578648,0x336918e8,13.06875
2024-09-04 23:17:19.461129,0x336918e8,13.07375
2024-09-04 23:19:42.339866,0x336918e8,13.05125
2024-09-04 23:21:26.811533,0x336918e8,13.05125
2024-09-04 23:25:33.823119,0x336918e8,13.04875
2024-09-04 23:27:00.424027,0x336918e8,13.0625
2024-09-04 23:27:36.298140,0x336918e8,13.05
2024-09-04 23:29:30.495056,0x336918e8,13.06625
2024-09-04 23:31:19.520804,0x336918e8,13.07
2024-09-04 23:35:34.037502,0x336918e8,13.07375
2024-09-04 23:35:46.295114,0x336918e8,13.07125
2024-09-04 23:43:39.132225,0x336918e8,13.05
2024-09-04 23:45:50.335631,0x336918e8,13.065
2024-09-04 23:47:27.949781,0x336918e8,13.0625
2024-09-04 23:49:41.564464,0x336918e8,13.0625
2024-09-04 23:51:52.886951,0x336918e8,13.065
2024-09-04 23:53:36.600546,0x336918e8,13.0625
2024-09-04 23:57:19.068094,0x336918e8,13.0525
2024-09-04 23:59:42.435981,0x336918e8,13.06625
2024-09-05 00:03:32.600786,0x336918e8,13.06875
2024-09-05 00:05:30.837788,0x336918e8,13.06375
2024-09-05 00:07:24.725725,0x336918e8,13.04625
2024-09-05 00:09:29.894132,0x336918e8,13.06125
2024-09-05 00:09:55.558722,0x336918e8,13.04875
2024-09-05 00:11:25.266922,0x336918e8,13.0425
2024-09-05 00:15:20.367797,0x336918e8,13.06875
2024-09-05 00:19:25.220309,0x336918e8,13.06
2024-09-05 00:21:51.829303,0x336918e8,13.0575
2024-09-05 00:23:08.072944,0x336918e8,13.06375
2024-09-05 00:24:00.818822,0x336918e8,13.0625
2024-09-05 00:25:50.702480,0x336918e8,13.0575
2024-09-05 00:29:50.013612,0x336918e8,13.03875
2024-09-05 00:31:34.112340,0x336918e8,13.03875
2024-09-05 00:34:08.606803,0x336918e8,13.04
2024-09-05 00:36:23.270374,0x336918e8,13.05875
2024-09-05 00:36:23.827218,0x336918e8,13.06
2024-09-05 00:37:41.151998,0x336918e8,13.025
2024-09-05 00:42:49.755770,0x336918e8,13.06375
2024-09-05 00:44:12.065556,0x336918e8,13.06125
2024-09-05 00:45:36.711541,0x336918e8,13.04625
2024-09-05 00:53:49.939518,0x336918e8,13.05875
2024-09-05 00:54:26.781642,0x336918e8,13.065
2024-09-05 00:54:58.534814,0x336918e8,13.06125
2024-09-05 00:55:35.438008,0x336918e8,13.055
2024-09-05 00:58:05.188127,0x336918e8,13.05625
2024-09-05 01:02:55.603019,0x336918e8,13.0375
2024-09-05 01:03:46.103902,0x336918e8,13.04125
2024-09-05 01:07:50.778215,0x336918e8,13.0575
2024-09-05 01:09:38.873992,0x336918e8,13.0575
2024-09-05 01:11:37.941294,0x336918e8,13.03625
2024-09-05 01:13:48.677644,0x336918e8,13.045
2024-09-05 01:16:32.990196,0x336918e8,13.05375
2024-09-05 01:16:59.068002,0x336918e8,13.04375
2024-09-05 01:18:48.310057,0x336918e8,13.0425
2024-09-05 01:19:03.740426,0x336918e8,13.05625
2024-09-05 01:20:12.307681,0x336918e8,13.035
2024-09-05 01:21:37.218564,0x336918e8,13.03625
2024-09-05 01:23:32.493648,0x336918e8,13.04625
2024-09-05 01:27:48.807527,0x336918e8,13.0375
2024-09-05 01:28:15.351246,0x336918e8,13.035
2024-09-05 01:30:36.302140,0x336918e8,13.0375
2024-09-05 01:30:48.906540,0x336918e8,13.035
2024-09-05 01:32:05.278095,0x336918e8,13.035
2024-09-05 01:37:10.427336,0x336918e8,13.0575
2024-09-05 01:38:56.920494,0x336918e8,13.05375
2024-09-05 01:41:19.538064,0x336918e8,13.03125
2024-09-05 01:41:37.106488,0x336918e8,13.04125
2024-09-05 01:43:35.493357,0x336918e8,13.05875
2024-09-05 01:45:41.255343,0x336918e8,13.05875
2024-09-05 01:48:50.880458,0x336918e8,13.0575
2024-09-05 01:50:09.526123,0x336918e8,13.04875
2024-09-05 01:55:20.807526,0x336918e8,13.0525
2024-09-05 01:57:02.025825,0x336918e8,13.05375
2024-09-05 01:59:33.023041,0x336918e8,13.03875
2024-09-05 02:00:09.783870,0x336918e8,13.03875
2024-09-05 02:02:59.484825,0x336918e8,13.06
2024-09-05 02:03:35.568933,0x336918e8,13.04
2024-09-05 02:05:43.624302,0x336918e8,13.05125
2024-09-05 02:07:32.981984,0x336918e8,13.0525
2024-09-05 02:10:51.657400,0x336918e8,13.04625
2024-09-05 02:12:00.305810,0x336918e8,13.06
2024-09-05 02:14:06.460014,0x336918e8,13.05375
2024-09-05 02:15:39.628270,0x336918e8,13.05625
2024-09-05 02:18:48.406640,0x336918e8,13.0525
2024-09-05 02:21:24.376148,0x336918e8,13.05
2024-09-05 02:21:47.726651,0x336918e8,13.05375
2024-09-05 02:24:10.169345,0x336918e8,13.03125
2024-09-05 02:25:38.878364,0x336918e8,13.02875
2024-09-05 02:27:38.076436,0x336918e8,13.05
2024-09-05 02:29:40.920632,0x336918e8,13.03375
2024-09-05 02:31:46.818076,0x336918e8,13.05375
2024-09-05 02:35:11.315846,0x336918e8,13.0475
2024-09-05 02:36:15.925858,0x336918e8,13.0525
2024-09-05 02:44:32.259938,0x336918e8,13.04875
2024-09-05 02:48:32.667344,0x336918e8,13.05375
2024-09-05 02:49:42.779994,0x336918e8,13.05375
2024-09-05 02:52:18.626520,0x336918e8,13.04875
2024-09-05 02:55:06.574429,0x336918e8,13.04875
2024-09-05 02:55:43.485653,0x336918e8,13.03
2024-09-05 02:58:05.126666,0x336918e8,13.02875
2024-09-05 03:01:52.306485,0x336918e8,13.04625
2024-09-05 03:03:14.778275,0x336918e8,13.03
2024-09-05 03:03:17.127328,0x336918e8,13.05375
2024-09-05 03:04:09.222115,0x336918e8,13.04375
2024-09-05 03:05:48.312599,0x336918e8,13.05375
2024-09-05 03:08:10.788507,0x336918e8,13.0325
2024-09-05 03:13:31.088447,0x336918e8,13.0475
2024-09-05 03:13:32.421588,0x336918e8,13.03
2024-09-05 03:13:50.789127,0x336918e8,13.04875
2024-09-05 03:17:15.064129,0x336918e8,13.03125
2024-09-05 03:18:04.569987,0x336918e8,13.04625
2024-09-05 03:20:50.167516,0x336918e8,13.0525
2024-09-05 03:23:36.033107,0x336918e8,13.04375
2024-09-05 03:24:05.811095,0x336918e8,13.0275
2024-09-05 03:25:07.160171,0x336918e8,13.05125
2024-09-05 03:27:45.218453,0x336918e8,13.04375
2024-09-05 03:31:40.840431,0x336918e8,13.0475
2024-09-05 03:31:49.364896,0x336918e8,13.025
2024-09-05 03:37:20.242100,0x336918e8,13.0525
2024-09-05 03:37:24.922319,0x336918e8,13.02625
2024-09-05 03:38:21.979084,0x336918e8,13.05
2024-09-05 03:40:01.679789,0x336918e8,13.02375
2024-09-05 03:42:44.127136,0x336918e8,13.04625
2024-09-05 03:46:38.119193,0x336918e8,13.05
2024-09-05 03:49:50.805701,0x336918e8,13.0475
2024-09-05 03:52:01.524127,0x336918e8,13.0425
2024-09-05 03:53:55.175046,0x336918e8,13.02375
2024-09-05 03:55:56.173953,0x336918e8,13.025
2024-09-05 03:58:03.511252,0x336918e8,13.03
2024-09-05 03:59:53.326865,0x336918e8,13.0275
2024-09-05 04:01:56.194265,0x336918e8,13.0425
2024-09-05 04:07:57.122712,0x336918e8,13.0375
2024-09-05 04:08:11.689879,0x336918e8,13.02875
2024-09-05 04:10:00.035539,0x336918e8,13.04125
2024-09-05 04:10:56.115712,0x336918e8,13.02375
2024-09-05 04:12:01.842765,0x336918e8,13.0425
2024-09-05 04:13:37.455903,0x336918e8,13.025
2024-09-05 04:15:37.463108,0x336918e8,13.0475
2024-09-05 04:18:57.681002,0x336918e8,13.0425
2024-09-05 04:20:02.814200,0x336918e8,13.0375
2024-09-05 04:22:34.475276,0x336918e8,13.04125
2024-09-05 04:23:53.259063,0x336918e8,13.0175
2024-09-05 04:27:51.016126,0x336918e8,13.0225
2024-09-05 04:28:43.071697,0x336918e8,13.0225
2024-09-05 04:29:16.454821,0x336918e8,13.025
2024-09-05 04:30:11.844822,0x336918e8,13.0425
2024-09-05 04:32:23.062411,0x336918e8,13.02125
2024-09-05 04:35:55.117714,0x336918e8,13.02375
2024-09-05 04:41:41.851497,0x336918e8,13.04375
2024-09-05 04:42:04.590091,0x336918e8,13.0425
2024-09-05 04:43:52.060630,0x336918e8,13.045
2024-09-05 04:47:28.428054,0x336918e8,13.02125
2024-09-05 04:47:59.151110,0x336918e8,13.02375
2024-09-05 04:50:15.274787,0x336918e8,13.02375
2024-09-05 04:52:18.113152,0x336918e8,13.04375
2024-09-05 04:54:03.131547,0x336918e8,13.00125
2024-09-05 04:55:56.058309,0x336918e8,13.02375
2024-09-05 04:58:34.271668,0x336918e8,13.01375
2024-09-05 05:00:26.570581,0x336918e8,12.99125
2024-09-05 05:02:13.649216,0x336918e8,13.04125
2024-09-05 05:04:23.086655,0x336918e8,13.02375
2024-09-05 05:06:00.352783,0x336918e8,13.0425
2024-09-05 05:08:27.668741,0x336918e8,13.0375
2024-09-05 05:09:57.924904,0x336918e8,13.02625
2024-09-05 05:10:42.975503,0x336918e8,12.99125
2024-09-05 05:12:16.835807,0x336918e8,13.01625
2024-09-05 05:17:33.196627,0x336918e8,13.02
2024-09-05 05:18:02.392373,0x336918e8,13.0425
2024-09-05 05:20:17.699973,0x336918e8,13.025
2024-09-05 05:22:09.041789,0x336918e8,13.04625
2024-09-05 05:24:07.970809,0x336918e8,13.02
2024-09-05 05:27:10.405212,0x336918e8,13.0225
2024-09-05 05:28:19.498499,0x336918e8,13.02
2024-09-05 05:34:57.481870,0x336918e8,13.0375
2024-09-05 05:36:59.926116,0x336918e8,13.04125
2024-09-05 05:39:05.123353,0x336918e8,13.02125
2024-09-05 05:39:09.300394,0x336918e8,13.04125
2024-09-05 05:39:34.167279,0x336918e8,13.01125
2024-09-05 05:40:48.539720,0x336918e8,1.0313526e+30
2024-09-05 05:42:29.785295,0x336918e8,13.02375
2024-09-05 05:44:36.123501,0x336918e8,13.04375
2024-09-05 05:50:01.463576,0x336918e8,13.03
2024-09-05 05:50:04.881611,0x336918e8,13.0425
2024-09-05 05:54:10.082976,0x336918e8,13.01875
2024-09-05 05:58:57.188856,0x336918e8,13.035
2024-09-05 05:59:40.175351,0x336918e8,13.04
2024-09-05 06:00:12.214281,0x336918e8,13.02875
2024-09-05 06:02:18.618835,0x336918e8,13.04125
2024-09-05 06:04:16.469601,0x336918e8,13.035
2024-09-05 06:06:01.936064,0x336918e8,13.04
2024-09-05 06:08:36.779340,0x336918e8,13.04125
2024-09-05 06:10:49.612066,0x336918e8,13.01875
2024-09-05 06:14:43.336002,0x336918e8,13.02125
2024-09-05 06:25:25.849913,0x336918e8,13.0425
2024-09-05 06:25:45.402626,0x336918e8,13.03875
2024-09-05 06:26:01.529107,0x336918e8,13.04125
2024-09-05 06:26:07.398192,0x336918e8,13.02
2024-09-05 06:26:38.267293,0x336918e8,13.03625
2024-09-05 06:30:11.251633,0x336918e8,13.0425
2024-09-05 06:30:48.042739,0x336918e8,13.025
2024-09-05 06:33:41.556745,0x336918e8,13.04125
2024-09-05 06:34:13.559575,0x336918e8,13.04
2024-09-05 06:36:15.184910,0x336918e8,13.03875
2024-09-05 06:38:44.911928,0x336918e8,13.03875
2024-09-05 06:47:54.644560,0x336918e8,13.0275
2024-09-05 06:54:06.466446,0x336918e8,13.03125
2024-09-05 06:55:00.307408,0x336918e8,13.04125
2024-09-05 06:55:08.726630,0x336918e8,13.0375
2024-09-05 06:55:09.455804,0x336918e8,13.035
2024-09-05 06:55:38.668526,0x336918e8,13.03875
2024-09-05 06:57:41.954506,0x336918e8,13.03625
2024-09-05 07:00:25.527953,0x336918e8,13.02
2024-09-05 07:09:43.889453,0x336918e8,13.02375
2024-09-05 07:12:22.095589,0x336918e8,13.04625
2024-09-05 07:15:02.763191,0x336918e8,13.01625
2024-09-05 07:16:42.156384,0x336918e8,13.01875
2024-09-05 07:26:10.316408,0x336918e8,13.02
2024-09-05 07:28:44.522704,0x336918e8,13.01375
2024-09-05 07:28:57.550054,0x336918e8,13.0425
2024-09-05 07:30:23.854963,0x336918e8,13.02
2024-09-05 07:32:48.585806,0x336918e8,13.02125
2024-09-05 07:34:18.174932,0x336918e8,12.99
2024-09-05 07:34:33.289360,0x336918e8,13.04625
2024-09-05 07:41:00.797373,0x336918e8,13.04
2024-09-05 07:42:01.396219,0x336918e8,13.02125
2024-09-05 07:42:22.365113,0x336918e8,13.0375
2024-09-05 07:45:34.698443,0x336918e8,12.99125
2024-09-05 07:46:37.160472,0x336918e8,13.02125
2024-09-05 07:48:26.975369,0x336918e8,13.0425
2024-09-05 07:50:16.113012,0x336918e8,13.02
2024-09-05 07:52:43.471284,0x336918e8,13.035
2024-09-05 07:58:39.901211,0x336918e8,13.0375
2024-09-05 08:02:07.663926,0x336918e8,13.0225
2024-09-05 08:06:21.755139,0x336918e8,13.0275
2024-09-05 08:08:20.143429,0x336918e8,13.02
2024-09-05 08:12:33.896307,0x336918e8,13.04
2024-09-05 08:14:35.214476,0x336918e8,13.0325
2024-09-05 08:17:06.119958,0x336918e8,13.01625
2024-09-05 08:17:27.282816,0x336918e8,13.0375
2024-09-05 08:18:36.402055,0x336918e8,13.0175
2024-09-05 08:26:38.308825,0x336918e8,13.04125
2024-09-05 08:26:41.249965,0x336918e8,13.03625
2024-09-05 08:27:55.969353,0x336918e8,13.02125
2024-09-05 08:28:37.798498,0x336918e8,13.02
2024-09-05 08:30:24.801063,0x336918e8,13.04375
2024-09-05 08:30:41.474623,0x336918e8,13.04125
2024-09-05 08:32:18.282851,0x336918e8,13.01375
2024-09-05 08:34:53.252165,0x336918e8,13.04125
2024-09-05 08:41:31.534392,0x336918e8,13.03625
2024-09-05 08:43:02.768321,0x336918e8,13.03875
2024-09-05 08:43:26.997299,0x336918e8,13.04125
2024-09-05 08:44:28.341341,0x336918e8,13.02375
2024-09-05 08:47:09.536787,0x336918e8,13.0375
2024-09-05 08:48:23.335295,0x336918e8,13.02875
2024-09-05 08:50:23.556534,0x336918e8,13.01875
2024-09-05 08:54:24.414771,0x336918e8,13.0225
2024-09-05 08:56:26.218798,0x336918e8,13.0225
2024-09-05 08:58:48.524746,0x336918e8,13.0325
2024-09-05 09:01:51.589033,0x336918e8,13.02
2024-09-05 09:03:32.333295,0x336918e8,13.02
2024-09-05 09:06:46.810948,0x336918e8,13.04125
2024-09-05 09:09:03.060343,0x336918e8,13.03875
2024-09-05 09:10:35.035594,0x336918e8,13.03875
2024-09-05 09:18:29.006559,0x336918e8,13.03625
2024-09-05 09:19:24.204630,0x336918e8,13.0175
2024-09-05 09:21:10.621192,0x336918e8,13.02125
2024-09-05 09:25:02.075889,0x336918e8,13.02125
2024-09-05 09:26:44.714537,0x336918e8,13.01875
2024-09-05 09:33:28.765264,0x336918e8,13.0425
2024-09-05 09:35:14.835142,0x336918e8,13.02
2024-09-05 09:38:09.784967,0x336918e8,13.0375
2024-09-05 09:38:45.127919,0x336918e8,13.03875
2024-09-05 09:41:30.842464,0x336918e8,12.99625
2024-09-05 09:41:36.712874,0x336918e8,13.0225
2024-09-05 09:44:48.265242,0x336918e8,13.03875
2024-09-05 09:44:58.449476,0x336918e8,13.0375
2024-09-05 09:48:34.348778,0x336918e8,13.01125
2024-09-05 09:50:46.948463,0x336918e8,13.04375
2024-09-05 09:54:02.018986,0x336918e8,13.0275
2024-09-05 09:55:04.589972,0x336918e8,13.03625
2024-09-05 09:57:53.413605,0x336918e8,13.0175
2024-09-05 09:59:15.453463,0x336918e8,13.04375
2024-09-05 10:00:32.473077,0x336918e8,13.0175
2024-09-05 10:02:59.439085,0x336918e8,13.04625
2024-09-05 10:04:59.422228,0x336918e8,13.0225
2024-09-05 10:07:41.856787,0x336918e8,13.01875
2024-09-05 10:10:20.197539,0x336918e8,12.99375
2024-09-05 10:16:35.157031,0x336918e8,13.02125
2024-09-05 10:17:18.406450,0x336918e8,13.04375
2024-09-05 10:18:45.041353,0x336918e8,13.04625
2024-09-05 10:19:24.026613,0x336918e8,13.04125
2024-09-05 10:21:29.867833,0x336918e8,13.0175
2024-09-05 10:28:16.519027,0x336918e8,13.04375
2024-09-05 10:28:54.176958,0x336918e8,13.02125
2024-09-05 10:30:27.336171,0x336918e8,13.04125
2024-09-05 10:32:11.343604,0x336918e8,13.0175
2024-09-05 10:32:13.807836,0x336918e8,13.04125
2024-09-05 10:35:05.277457,0x336918e8,13.02375
2024-09-05 10:38:56.063365,0x336918e8,13.04875
2024-09-05 10:40:57.595584,0x336918e8,13.0425
2024-09-05 10:42:34.965901,0x336918e8,13.025
2024-09-05 10:42:45.478196,0x336918e8,13.045
2024-09-05 10:42:55.270695,0x336918e8,13.04
2024-09-05 10:45:54.652691,0x336918e8,13.0225
2024-09-05 10:47:15.064327,0x336918e8,13.02375
2024-09-05 10:49:02.079969,0x336918e8,13.02625
2024-09-05 10:52:24.092853,0x336918e8,13.0225
2024-09-05 10:55:13.839492,0x336918e8,13.04625
2024-09-05 10:57:01.804503,0x336918e8,13.0475
2024-09-05 11:01:41.699999,0x336918e8,13.025
2024-09-05 11:01:44.027856,0x336918e8,13.025
2024-09-05 11:02:58.499465,0x336918e8,13.0425
2024-09-05 11:04:49.605198,0x336918e8,13.02375
2024-09-05 11:06:46.137278,0x336918e8,13.0425
2024-09-05 11:09:12.479320,0x336918e8,13.0475
2024-09-05 11:11:37.275923,0x336918e8,13.05
2024-09-05 11:12:45.735304,0x336918e8,13.01625
2024-09-05 11:15:48.823894,0x336918e8,13.05
2024-09-05 11:20:25.077084,0x336918e8,13.03125
2024-09-05 11:21:27.271072,0x336918e8,13.03125
2024-09-05 11:23:03.246347,0x336918e8,13.025
2024-09-05 11:25:05.132368,0x336918e8,13.0225
2024-09-05 11:26:48.443983,0x336918e8,13.02625
2024-09-05 11:32:09.340727,0x336918e8,13.04625
2024-09-05 11:35:27.860496,0x336918e8,13.0475
2024-09-05 11:37:14.452112,0x336918e8,13.05
2024-09-05 11:41:27.733735,0x336918e8,13.04875
2024-09-05 11:49:16.415863,0x336918e8,13.05125
2024-09-05 11:50:11.593687,0x336918e8,13.0325
2024-09-05 11:51:00.048322,0x336918e8,13.0525
2024-09-05 11:55:37.787700,0x336918e8,13.02
2024-09-05 11:58:01.447585,0x336918e8,13.0525
2024-09-05 11:58:50.554221,0x336918e8,13.05125
2024-09-05 12:04:53.973604,0x336918e8,13.05125
2024-09-05 12:05:08.994117,0x336918e8,13.02875
2024-09-05 12:07:19.180437,0x336918e8,13.02875
2024-09-05 12:08:54.780671,0x336918e8,13.05
2024-09-05 12:11:57.547012,0x336918e8,13.05125
2024-09-05 12:15:25.921071,0x336918e8,13.02625
2024-09-05 12:16:29.604260,0x336918e8,13.0525
2024-09-05 12:16:57.811124,0x336918e8,13.0525
2024-09-05 12:17:15.709843,0x336918e8,13.0475
2024-09-05 12:17:35.983458,0x336918e8,13.0275
2024-09-05 12:19:34.624587,0x336918e8,13.03625
2024-09-05 12:20:50.176132,0x336918e8,13.03375
2024-09-05 12:25:15.070144,0x336918e8,13.05375
2024-09-05 12:25:36.626823,0x336918e8,13.0525
2024-09-05 12:28:27.217709,0x336918e8,13.02875
2024-09-05 12:29:47.305313,0x336918e8,13.05375
2024-09-05 12:30:55.789012,0x336918e8,13.05375
2024-09-05 12:39:55.886242,0x336918e8,13.02875
2024-09-05 12:40:48.647065,0x336918e8,13.05
2024-09-05 12:41:16.967969,0x336918e8,13.05375
2024-09-05 12:41:34.626568,0x336918e8,13.055
2024-09-05 12:43:51.377211,0x336918e8,13.0325
2024-09-05 12:43:52.005599,0x336918e8,13.0375
2024-09-05 12:44:51.838345,0x336918e8,13.035
2024-09-05 12:46:53.624477,0x336918e8,13.0525
2024-09-05 12:50:15.126245,0x336918e8,13.05125
2024-09-05 12:51:32.607863,0x336918e8,13.05125
2024-09-05 12:51:47.469380,0x336918e8,13.055
2024-09-05 12:53:42.876300,0x336918e8,13.05875
2024-09-05 12:55:54.279980,0x336918e8,13.055
2024-09-05 12:57:37.699353,0x336918e8,13.0375
2024-09-05 13:00:07.608486,0x336918e8,13.05125
2024-09-05 13:01:50.852085,0x336918e8,13.05
2024-09-05 13:04:07.284621,0x336918e8,13.03625
2024-09-05 13:09:38.416030,0x336918e8,13.02375
2024-09-05 13:10:52.891313,0x336918e8,13.0525
2024-09-05 13:11:24.032510,0x336918e8,13.0575
2024-09-05 13:13:19.875362,0x336918e8,13.05625
2024-09-05 13:15:29.605863,0x336918e8,13.05625
2024-09-05 13:17:16.004287,0x336918e8,13.0525
2024-09-05 13:19:17.315693,0x336918e8,13.05
2024-09-05 13:20:18.871726,0x336918e8,13.03625
2024-09-05 13:20:31.313071,0x336918e8,13.03625
2024-09-05 13:23:05.725392,0x336918e8,13.02875
2024-09-05 13:25:40.418784,0x336918e8,13.05375
2024-09-05 13:27:07.945486,0x336918e8,13.06
2024-09-05 13:27:52.931141,0x336918e8,13.03625
2024-09-05 13:29:12.029641,0x336918e8,13.05375
2024-09-05 13:31:06.402498,0x336918e8,13.0575
2024-09-05 13:33:22.904282,0x336918e8,13.055
2024-09-05 13:35:58.447713,0x336918e8,13.05375
2024-09-05 13:37:09.353048,0x336918e8,13.03875
2024-09-05 13:40:15.372292,0x336918e8,13.03625
2024-09-05 13:42:50.475434,0x336918e8,13.05
2024-09-05 13:43:22.368521,0x336918e8,13.05375
2024-09-05 13:45:04.999046,0x336918e8,13.0525
2024-09-05 13:47:48.791746,0x336918e8,13.05625
2024-09-05 13:49:36.067323,0x336918e8,13.05375
2024-09-05 13:51:00.438261,0x336918e8,13.04625
2024-09-05 13:55:57.478285,0x336918e8,13.0375
2024-09-05 13:56:08.903725,0x336918e8,13.0375
2024-09-05 13:58:52.733371,0x336918e8,13.03625
2024-09-05 13:59:21.224257,0x336918e8,13.04125
2024-09-05 14:01:43.945082,0x336918e8,13.055
2024-09-05 14:02:57.811897,0x336918e8,13.0525
2024-09-05 14:07:39.426162,0x336918e8,13.055
2024-09-05 14:08:00.370021,0x336918e8,13.05625
2024-09-05 14:09:18.836794,0x336918e8,13.06125
2024-09-05 14:16:58.629290,0x336918e8,13.05875
2024-09-05 14:17:33.829439,0x336918e8,13.06
2024-09-05 14:18:01.132348,0x336918e8,13.05625
2024-09-05 14:19:07.319634,0x336918e8,13.03125
2024-09-05 14:19:17.176024,0x336918e8,13.06125
2024-09-05 14:23:27.056555,0x336918e8,13.03875
2024-09-05 14:23:27.952562,0x336918e8,13.03625
2024-09-05 14:25:13.086232,0x336918e8,13.04125
2024-09-05 14:28:44.695225,0x336918e8,13.0575
2024-09-05 14:29:20.574555,0x336918e8,13.05625
2024-09-05 14:32:34.964238,0x336918e8,13.0525
2024-09-05 14:33:12.861586,0x336918e8,13.0525
2024-09-05 14:36:43.963570,0x336918e8,13.06
2024-09-05 14:38:33.955383,0x336918e8,13.03375
2024-09-05 14:43:26.892179,0x336918e8,13.0575
2024-09-05 14:43:47.011080,0x336918e8,13.055
2024-09-05 14:43:58.214238,0x336918e8,13.05875
2024-09-05 14:47:22.095384,0x336918e8,13.0525
2024-09-05 14:49:33.396716,0x336918e8,13.0525
2024-09-05 14:51:11.588087,0x336918e8,13.05875
2024-09-05 14:53:10.696252,0x336918e8,13.06
2024-09-05 15:05:45.631040,0x336918e8,13.0375
2024-09-05 15:06:17.503161,0x336918e8,13.0375
2024-09-05 15:06:18.720056,0x336918e8,13.0575
2024-09-05 15:06:30.605324,0x336918e8,13.05875
2024-09-05 15:11:25.031403,0x336918e8,13.0575
2024-09-05 15:13:20.870453,0x336918e8,13.04875
2024-09-05 15:13:29.464658,0x336918e8,13.05875
2024-09-05 15:18:34.438092,0x336918e8,13.0425
2024-09-05 15:19:04.641311,0x336918e8,13.03875
2024-09-05 15:19:34.203081,0x336918e8,13.03375
2024-09-05 15:27:24.928136,0x336918e8,13.0625
2024-09-05 15:29:19.934118,0x336918e8,13.0625
2024-09-05 15:31:07.777807,0x336918e8,13.06125
2024-09-05 15:31:11.471913,0x336918e8,13.0675
2024-09-05 15:33:48.228390,0x336918e8,13.06375
2024-09-05 15:35:28.832898,0x336918e8,13.045
2024-09-05 16:13:55.841820,0x336918e8,13.03875
2024-09-05 16:19:09.756647,0x336918e8,13.04
2024-09-05 16:19:19.669029,0x336918e8,13.06125
2024-09-05 16:19:20.529006,0x336918e8,13.0625
2024-09-05 16:24:19.652290,0x336918e8,13.06125
2024-09-05 16:24:40.854859,0x336918e8,13.06625
2024-09-05 16:24:42.659958,0x336918e8,13.0675
2024-09-05 16:24:52.144201,0x336918e8,13.0675
2024-09-05 16:24:52.962489,0x336918e8,13.06375
2024-09-05 16:27:53.772423,0x336918e8,13.065
2024-09-05 16:28:08.733929,0x336918e8,13.06625
2024-09-05 16:31:35.486869,0x336918e8,13.045
2024-09-05 16:36:09.023236,0x336918e8,13.045
2024-09-05 16:36:10.603190,0x336918e8,13.04625
2024-09-05 16:37:28.844917,0x336918e8,13.06625
2024-09-05 16:39:34.709271,0x336918e8,13.06875
2024-09-05 16:41:25.089747,0x336918e8,13.0625
2024-09-05 16:46:35.395614,0x336918e8,13.0675
2024-09-05 16:46:44.352833,0x336918e8,13.03875
2024-09-05 16:49:18.243041,0x336918e8,13.065
2024-09-05 16:49:31.152400,0x336918e8,13.0675
2024-09-05 16:51:36.104695,0x336918e8,13.04375
2024-09-05 16:53:57.551594,0x336918e8,13.04125
2024-09-05 17:18:22.654276,0x336918e8,13.07
2024-09-05 17:19:18.853140,0x336918e8,13.04875
2024-09-05 17:19:32.650918,0x336918e8,13.06625
2024-09-05 17:19:44.093120,0x336918e8,13.04375
2024-09-05 17:21:48.743273,0x336918e8,13.04875
2024-09-05 17:22:08.408843,0x336918e8,13.0675
2024-09-05 17:25:55.392656,0x336918e8,13.07125
2024-09-05 17:51:02.659884,0x336918e8,13.06625
2024-09-05 17:51:37.236216,0x336918e8,13.06875
2024-09-05 17:51:37.812042,0x336918e8,13.07
2024-09-05 17:51:42.002232,0x336918e8,13.045
2024-09-05 18:17:47.290516,0x336918e8,13.07125
2024-09-05 18:17:56.330015,0x336918e8,13.06875
2024-09-05 18:18:19.852473,0x336918e8,13.06375
2024-09-05 18:18:55.153819,0x336918e8,13.0675
2024-09-05 18:19:06.993114,0x336918e8,13.0725
2024-09-05 18:19:07.768194,0x336918e8,13.07125
2024-09-05 18:19:11.984367,0x336918e8,13.06875
2024-09-05 18:20:04.733302,0x336918e8,13.05
2024-09-05 18:30:25.459241,0x336918e8,13.045
2024-09-05 18:30:37.891569,0x336918e8,13.04625
2024-09-05 18:31:24.284315,0x336918e8,13.065
2024-09-05 18:43:45.344351,0x336918e8,13.06625
2024-09-05 18:44:04.522074,0x336918e8,13.06875
2024-09-05 18:45:46.214313,0x336918e8,13.04875
2024-09-05 18:47:15.154269,0x336918e8,13.06875
2024-09-05 19:09:31.020314,0x336918e8,13.07
2024-09-05 19:09:55.116022,0x336918e8,13.04375
2024-09-05 19:10:46.549774,0x336918e8,13.06875
2024-09-05 19:11:21.046934,0x336918e8,13.0475
2024-09-05 19:26:52.792460,0x336918e8,13.06875
2024-09-05 19:46:46.344875,0x336918e8,13.05375
2024-09-05 19:47:08.929781,0x336918e8,13.07125
2024-09-05 19:47:26.768221,0x336918e8,13.075
2024-09-05 19:49:59.918638,0x336918e8,13.07125
2024-09-05 19:50:16.194158,0x336918e8,13.05
2024-09-05 19:50:37.269859,0x336918e8,13.04875
2024-09-05 19:52:31.354107,0x336918e8,13.0475
2024-09-05 20:03:48.702597,0x336918e8,13.0625
2024-09-05 20:04:30.031243,0x336918e8,13.04875
2024-09-05 20:05:00.649164,0x336918e8,13.07
2024-09-05 20:05:18.128800,0x336918e8,13.06625
2024-09-05 20:05:54.354872,0x336918e8,13.05
2024-09-05 20:06:00.572110,0x336918e8,13.06375
2024-09-05 20:06:17.290862,0x336918e8,13.0675
2024-09-05 20:06:55.806278,0x336918e8,13.04625
2024-09-05 20:07:07.351420,0x336918e8,13.05125
2024-09-05 20:10:04.193427,0x336918e8,13.04875
2024-09-05 20:10:30.711717,0x336918e8,13.04
2024-09-05 20:15:24.876578,0x336918e8,13.0675
2024-09-05 20:15:25.549622,0x336918e8,13.04625
2024-09-05 20:16:04.968976,0x336918e8,13.05
2024-09-05 20:16:31.491724,0x336918e8,13.06625
2024-09-05 20:23:31.211165,0x336918e8,13.0725
2024-09-05 20:24:14.275576,0x336918e8,13.0675
2024-09-05 20:24:29.885224,0x336918e8,13.06625
2024-09-05 20:25:36.481356,0x336918e8,13.06375
2024-09-05 20:25:58.315350,0x336918e8,13.06625
2024-09-05 20:26:22.170058,0x336918e8,13.04625
2024-09-05 20:31:41.481697,0x336918e8,13.0625
2024-09-05 20:32:12.167680,0x336918e8,13.07375
2024-09-05 20:33:39.469893,0x336918e8,13.06625
2024-09-05 20:35:55.676331,0x336918e8,13.04125
2024-09-05 20:36:03.525606,0x336918e8,13.0425
2024-09-05 20:45:31.432246,0x336918e8,13.06625
2024-09-05 20:48:02.355206,0x336918e8,13.06125
2024-09-05 20:48:12.890445,0x336918e8,13.0675
2024-09-05 20:51:00.190311,0x336918e8,13.065
2024-09-05 20:52:04.265420,0x336918e8,13.06875
2024-09-05 20:52:09.049579,0x336918e8,13.065
2024-09-05 20:52:55.260202,0x336918e8,13.0475
2024-09-05 20:53:46.640036,0x336918e8,13.045
2024-09-05 20:55:51.379144,0x336918e8,13.065
2024-09-05 21:00:46.494138,0x336918e8,13.0425
2024-09-05 21:03:43.195261,0x336918e8,13.04625
2024-09-05 21:03:53.413471,0x336918e8,13.04375
2024-09-05 21:04:07.637871,0x336918e8,13.0475
2024-09-05 21:04:33.848904,0x336918e8,13.06375
2024-09-05 21:06:37.669105,0x336918e8,13.04125
2024-09-05 21:07:56.784632,0x336918e8,13.06375
2024-09-05 21:08:14.738222,0x336918e8,13.06625
2024-09-05 21:12:56.734658,0x336918e8,13.065
2024-09-05 21:14:02.570947,0x336918e8,13.06375
2024-09-05 21:14:14.601314,0x336918e8,13.06375
2024-09-05 21:17:26.055960,0x336918e8,13.04625
2024-09-05 21:19:02.029297,0x336918e8,13.04125
2024-09-05 21:20:05.070307,0x336918e8,13.04375
2024-09-05 21:26:58.544589,0x336918e8,13.06375
2024-09-05 21:36:07.637095,0x336918e8,13.06625
2024-09-05 21:36:54.731916,0x336918e8,13.05875
2024-09-05 21:37:03.957013,0x336918e8,13.06
2024-09-05 21:37:06.368223,0x336918e8,13.065
2024-09-05 21:45:57.159279,0x336918e8,13.05625
2024-09-05 21:46:38.000692,0x336918e8,13.0575
2024-09-05 21:46:53.938238,0x336918e8,13.06375
2024-09-05 21:49:50.425245,0x336918e8,13.05875
2024-09-05 21:50:06.702858,0x336918e8,13.05625
2024-09-05 21:51:32.282686,0x336918e8,13.06
2024-09-05 21:54:50.086366,0x336918e8,13.0375
2024-09-05 21:55:41.796160,0x336918e8,13.04375
2024-09-05 21:56:36.810910,0x336918e8,13.0425
2024-09-05 21:59:13.751393,0x336918e8,13.06125
2024-09-05 22:02:06.931264,0x336918e8,13.05875
2024-09-05 22:03:06.464347,0x336918e8,13.0625
2024-09-05 22:04:16.365521,0x336918e8,13.05875
2024-09-05 22:04:32.380234,0x336918e8,13.065
2024-09-05 22:04:59.753970,0x336918e8,13.05625
2024-09-05 22:10:41.354814,0x336918e8,13.04375
2024-09-05 22:13:27.645486,0x336918e8,13.01
2024-09-05 22:27:04.326494,0x336918e8,13.0575
2024-09-05 22:27:12.977867,0x336918e8,13.035
2024-09-05 22:27:58.406306,0x336918e8,13.02875
2024-09-05 22:28:21.657981,0x336918e8,13.06
2024-09-05 22:31:34.675714,0x336918e8,13.06125
2024-09-05 22:34:20.451273,0x336918e8,13.04
2024-09-05 22:35:11.640916,0x336918e8,13.06375
2024-09-05 22:35:41.387981,0x336918e8,13.03875
2024-09-05 22:46:24.589713,0x336918e8,13.06125
2024-09-05 22:46:31.009219,0x336918e8,13.06125
2024-09-05 22:51:03.570172,0x336918e8,13.05125
2024-09-05 22:51:13.922504,0x336918e8,13.03375
2024-09-05 22:51:22.577071,0x336918e8,13.05625
2024-09-05 22:51:37.328430,0x336918e8,13.0525
2024-09-05 22:52:14.665868,0x336918e8,13.0375
2024-09-05 22:52:21.299906,0x336918e8,13.0525
2024-09-05 22:52:45.271714,0x336918e8,13.05875
2024-09-05 23:00:11.574680,0x336918e8,13.05125
2024-09-05 23:03:36.240937,0x336918e8,13.06
2024-09-05 23:03:42.803890,0x336918e8,13.02375
2024-09-05 23:06:15.456070,0x336918e8,13.0325
2024-09-05 23:08:36.778053,0x336918e8,13.03125
2024-09-05 23:12:09.813187,0x336918e8,13.03875
2024-09-05 23:15:22.668597,0x336918e8,13.05
2024-09-05 23:16:05.497312,0x336918e8,13.05
2024-09-05 23:19:29.085348,0x336918e8,13.05125
2024-09-05 23:20:49.935041,0x336918e8,13.055
2024-09-05 23:23:09.843692,0x336918e8,13.05375
2024-09-05 23:28:47.633370,0x336918e8,13.03625
2024-09-05 23:28:59.050945,0x336918e8,13.05125
2024-09-05 23:29:51.399708,0x336918e8,13.04625
2024-09-05 23:36:04.982223,0x336918e8,13.0325
2024-09-05 23:36:15.342511,0x336918e8,13.0525
2024-09-05 23:37:42.410572,0x336918e8,13.0525
2024-09-05 23:38:09.903539,0x336918e8,13.05125
2024-09-05 23:39:08.949635,0x336918e8,13.0525
2024-09-05 23:42:00.573428,0x336918e8,13.0575
2024-09-05 23:47:08.740957,0x336918e8,13.0475
2024-09-05 23:48:24.624799,0x336918e8,13.03125
2024-09-05 23:52:33.594032,0x336918e8,13.0325
2024-09-05 23:56:00.474238,0x336918e8,13.04875
2024-09-05 23:56:30.655008,0x336918e8,13.05125
2024-09-05 23:59:03.563069,0x336918e8,13.05125
2024-09-06 00:05:04.309336,0x336918e8,13.0525
2024-09-06 00:05:41.233470,0x336918e8,13.035
2024-09-06 00:06:12.987594,0x336918e8,13.0275
2024-09-06 00:08:21.277122,0x336918e8,13.04
2024-09-06 00:14:29.713489,0x336918e8,13.0525
2024-09-06 00:14:33.450799,0x336918e8,13.03125
2024-09-06 00:14:37.638013,0x336918e8,13.03375
2024-09-06 00:16:48.338381,0x336918e8,13.04875
2024-09-06 00:24:43.167458,0x336918e8,13.02625
2024-09-06 00:25:04.869245,0x336918e8,13.04125
2024-09-06 00:25:05.678251,0x336918e8,13.0475
2024-09-06 00:25:12.417608,0x336918e8,13.0475
2024-09-06 00:27:08.892588,0x336918e8,13.03125
2024-09-06 00:36:19.888394,0x336918e8,13.04625
2024-09-06 00:37:00.888745,0x336918e8,13.045
2024-09-06 00:37:20.890424,0x336918e8,13.0425
2024-09-06 00:39:00.442738,0x336918e8,13.0475
2024-09-06 00:42:35.953331,0x336918e8,13.045
2024-09-06 00:42:52.000695,0x336918e8,13.0475
2024-09-06 00:44:20.752790,0x336918e8,13.0325
2024-09-06 00:52:59.273514,0x336918e8,13.04
2024-09-06 00:55:31.572725,0x336918e8,13.04375
2024-09-06 01:01:24.489421,0x336918e8,13.04375
2024-09-06 01:05:08.487068,0x336918e8,13.02375
2024-09-06 01:06:22.971682,0x336918e8,13.025
2024-09-06 01:08:02.530003,0x336918e8,13.02375
2024-09-06 01:09:01.026982,0x336918e8,13.02
2024-09-06 01:11:45.837588,0x336918e8,13.0425
2024-09-06 01:16:39.798417,0x336918e8,13.04125
2024-09-06 01:22:18.644842,0x336918e8,13.04375
2024-09-06 01:23:55.491246,0x336918e8,13.0375
2024-09-06 01:24:48.164021,0x336918e8,13.04
2024-09-06 01:26:30.185471,0x336918e8,13.0225
2024-09-06 01:28:35.522829,0x336918e8,13.0225
2024-09-06 01:32:07.936933,0x336918e8,13.01875
2024-09-06 01:33:01.338943,0x336918e8,13.01875
2024-09-06 01:39:52.386780,0x336918e8,13.045
2024-09-06 01:41:22.639863,0x336918e8,13.0425
2024-09-06 01:42:38.762503,0x336918e8,13.04
2024-09-06 01:49:36.255432,0x336918e8,13.0225
2024-09-06 01:49:56.216304,0x336918e8,13.035
2024-09-06 01:52:27.731352,0x336918e8,13.0225
2024-09-06 01:56:11.060929,0x336918e8,13.0175
2024-09-06 01:59:38.292919,0x336918e8,13.04125
2024-09-06 02:02:52.889680,0x336918e8,13.04125
2024-09-06 02:03:12.843310,0x336918e8,13.0375
2024-09-06 02:05:08.908242,0x336918e8,13.0425
2024-09-06 02:06:33.674197,0x336918e8,13.0425
2024-09-06 02:07:23.332656,0x336918e8,13.0225
2024-09-06 02:08:30.912017,0x336918e8,13.01875
2024-09-06 02:12:53.532987,0x336918e8,13.0175
2024-09-06 02:15:38.587476,0x336918e8,13.035
2024-09-06 02:15:47.112105,0x336918e8,13.0175
2024-09-06 02:16:44.550678,0x336918e8,13.04
2024-09-06 02:19:19.429978,0x336918e8,13.03375
2024-09-06 02:20:30.171512,0x336918e8,13.03375
2024-09-06 02:22:35.485725,0x336918e8,13.0325
2024-09-06 02:29:22.939547,0x336918e8,13.0325
2024-09-06 02:32:04.227990,0x336918e8,13.0175
2024-09-06 02:33:14.250420,0x336918e8,13.035
2024-09-06 02:34:41.679331,0x336918e8,13.03375
2024-09-06 02:37:12.203382,0x336918e8,13.04
2024-09-06 02:40:02.992191,0x336918e8,13.0175
2024-09-06 02:43:12.765866,0x336918e8,13.0125
2024-09-06 02:45:57.766341,0x336918e8,13.015
2024-09-06 02:47:22.145193,0x336918e8,13.01875
2024-09-06 02:52:51.927445,0x336918e8,13.00375
2024-09-06 02:55:13.300383,0x336918e8,13.0325
2024-09-06 03:01:46.825574,0x336918e8,13.02
2024-09-06 03:06:08.397601,0x336918e8,13.00875
2024-09-06 03:06:16.649889,0x336918e8,13.02375
2024-09-06 03:06:17.299942,0x336918e8,13.0075
2024-09-06 03:06:33.393303,0x336918e8,13.03625
2024-09-06 03:09:07.496631,0x336918e8,13.035
2024-09-06 03:14:23.875481,0x336918e8,13.0325
2024-09-06 03:15:58.724676,0x336918e8,13.03
2024-09-06 03:18:19.666454,0x336918e8,13.035
2024-09-06 03:18:56.142824,0x336918e8,13.03375
2024-09-06 03:20:43.483349,0x336918e8,13.00875
2024-09-06 03:24:14.427802,0x336918e8,13.01
2024-09-06 03:30:00.316504,0x336918e8,13.00875
2024-09-06 03:33:15.300131,0x336918e8,13.03
2024-09-06 03:40:19.139481,0x336918e8,13.0325
2024-09-06 03:41:18.756650,0x336918e8,13.0275
2024-09-06 03:41:29.899975,0x336918e8,13.0275
2024-09-06 03:41:35.730129,0x336918e8,13.01125
2024-09-06 03:44:15.492616,0x336918e8,13.02625
2024-09-06 03:45:06.058415,0x336918e8,13.03
2024-09-06 03:46:44.634875,0x336918e8,13.03125
2024-09-06 03:48:37.784519,0x336918e8,13.0275
2024-09-06 03:50:54.440303,0x336918e8,13.02625
2024-09-06 03:52:51.743247,0x336918e8,13.0125
2024-09-06 03:55:35.139664,0x336918e8,13.01375
2024-09-06 03:56:41.607148,0x336918e8,13.0125
2024-09-06 04:04:36.331022,0x336918e8,13.01
2024-09-06 04:07:12.008428,0x336918e8,12.99625
2024-09-06 04:07:27.678012,0x336918e8,13.02625
2024-09-06 04:08:20.371872,0x336918e8,13.03125
2024-09-06 04:12:36.106600,0x336918e8,13.0275
2024-09-06 04:12:54.299182,0x336918e8,13.02625
2024-09-06 04:14:58.701290,0x336918e8,13.02
2024-09-06 04:18:41.831101,0x336918e8,13.02875
2024-09-06 04:20:33.213045,0x336918e8,13.02875
2024-09-06 04:22:55.688740,0x336918e8,13.02125
2024-09-06 04:26:45.016531,0x336918e8,13.0275
2024-09-06 04:32:48.441775,0x336918e8,13.0275
2024-09-06 04:33:13.571606,0x336918e8,13.0275
2024-09-06 04:36:59.610471,0x336918e8,13.00625
2024-09-06 04:38:44.339103,0x336918e8,13.00875
2024-09-06 04:48:59.427778,0x336918e8,13.025
2024-09-06 04:49:14.524609,0x336918e8,13.0075
2024-09-06 04:52:49.109102,0x336918e8,13.0075
2024-09-06 04:53:32.697310,0x336918e8,13.00125
2024-09-06 04:57:32.217392,0x336918e8,12.995
2024-09-06 04:59:16.281794,0x336918e8,13.0225
2024-09-06 05:01:31.401589,0x336918e8,13.0275
2024-09-06 05:09:33.170026,0x336918e8,13.02375
2024-09-06 05:12:01.694152,0x336918e8,13.02875
2024-09-06 05:12:49.255623,0x336918e8,13.02625
2024-09-06 05:14:50.607787,0x336918e8,13.02625
2024-09-06 05:16:55.637173,0x336918e8,13.02375
2024-09-06 05:19:13.382813,0x336918e8,13.025
2024-09-06 05:21:20.405188,0x336918e8,13.02125
2024-09-06 05:25:05.686081,0x336918e8,13.02625
2024-09-06 05:27:49.717554,0x336918e8,13.0275
2024-09-06 05:31:14.998579,0x336918e8,12.99875
2024-09-06 05:32:23.317934,0x336918e8,13.00375
2024-09-06 05:32:56.166722,0x336918e8,12.99
2024-09-06 05:37:39.464366,0x336918e8,12.99375
2024-09-06 05:40:04.533307,0x336918e8,13.02625
2024-09-06 05:41:26.396182,0x336918e8,13.02125
2024-09-06 05:42:09.814463,0x336918e8,13.0175
2024-09-06 05:47:11.641926,0x336918e8,13.01625
2024-09-06 05:47:13.029855,0x336918e8,13.0025
2024-09-06 05:49:59.241567,0x336918e8,13.00625
2024-09-06 05:51:01.406800,0x336918e8,13.005
2024-09-06 05:56:28.538716,0x336918e8,13.025
2024-09-06 05:58:17.593558,0x336918e8,13.0225
2024-09-06 05:58:29.388967,0x336918e8,13.00625
2024-09-06 06:04:43.974651,0x336918e8,13.005
2024-09-06 06:06:50.688989,0x336918e8,13.01
2024-09-06 06:07:00.845427,0x336918e8,13.005
2024-09-06 06:11:35.272615,0x336918e8,13.02125
2024-09-06 06:16:16.927230,0x336918e8,13.01625
2024-09-06 06:17:40.532120,0x336918e8,13.01875
2024-09-06 06:19:52.756741,0x336918e8,13.0125
2024-09-06 06:23:12.243546,0x336918e8,13.0
2024-09-06 06:25:05.865239,0x336918e8,13.00125
2024-09-06 06:26:08.026482,0x336918e8,13.0175
2024-09-06 06:27:01.376381,0x336918e8,13.00125
2024-09-06 06:29:09.229633,0x336918e8,13.01625
2024-09-06 06:32:21.992438,0x336918e8,13.01875
2024-09-06 06:33:10.792978,0x336918e8,13.015
2024-09-06 06:35:10.567928,0x336918e8,13.01625
2024-09-06 06:37:02.622042,0x336918e8,13.02375
2024-09-06 06:40:14.894323,0x336918e8,13.015
2024-09-06 06:41:13.509235,0x336918e8,13.0175
2024-09-06 06:45:23.869669,0x336918e8,13.0
2024-09-06 06:45:31.708849,0x336918e8,13.015
2024-09-06 06:47:21.921656,0x336918e8,13.0075
2024-09-06 06:49:25.799743,0x336918e8,13.00125
2024-09-06 06:51:43.779400,0x336918e8,13.00125
2024-09-06 06:59:32.410305,0x336918e8,13.02
2024-09-06 07:02:05.417425,0x336918e8,13.0175
2024-09-06 07:03:33.969583,0x336918e8,13.01625
2024-09-06 07:08:14.428109,0x336918e8,13.01375
2024-09-06 07:11:08.248989,0x336918e8,13.02
2024-09-06 07:12:37.919095,0x336918e8,13.02
2024-09-06 07:13:04.949867,0x336918e8,13.02125
2024-09-06 07:16:10.338254,0x336918e8,13.005
2024-09-06 07:17:04.569895,0x336918e8,12.995
2024-09-06 07:22:51.503848,0x336918e8,13.00125
2024-09-06 07:23:34.302150,0x336918e8,13.01625
2024-09-06 07:25:44.318724,0x336918e8,13.01875
2024-09-06 07:27:30.620297,0x336918e8,13.01125
2024-09-06 07:27:59.101322,0x336918e8,12.98625
2024-09-06 07:29:23.521120,0x336918e8,13.0175
2024-09-06 07:32:25.334365,0x336918e8,13.0175
2024-09-06 07:35:09.457774,0x336918e8,13.0
2024-09-06 07:38:28.789678,0x336918e8,12.9975
2024-09-06 07:39:17.500260,0x336918e8,13.01875
2024-09-06 07:41:16.756262,0x336918e8,13.0175
2024-09-06 07:43:07.368223,0x336918e8,13.02
2024-09-06 07:46:31.070299,0x336918e8,12.99875
2024-09-06 07:48:29.392044,0x336918e8,12.99375
2024-09-06 07:50:10.913574,0x336918e8,12.995
2024-09-06 07:51:45.297774,0x336918e8,12.99625
2024-09-06 07:53:38.690560,0x336918e8,13.01125
2024-09-06 07:57:16.058779,0x336918e8,13.015
2024-09-06 07:58:07.423652,0x336918e8,13.00125
2024-09-06 07:59:35.383569,0x336918e8,13.0175
2024-09-06 08:01:41.796067,0x336918e8,13.015
2024-09-06 08:05:53.392368,0x336918e8,13.02125
2024-09-06 08:07:12.676291,0x336918e8,13.01875
2024-09-06 08:09:45.486531,0x336918e8,13.01625
2024-09-06 08:12:14.187571,0x336918e8,13.01375
2024-09-06 08:12:14.821363,0x336918e8,13.0175
2024-09-06 08:14:50.691642,0x336918e8,13.0175
2024-09-06 08:16:13.416415,0x336918e8,13.01375
2024-09-06 08:18:53.910157,0x336918e8,13.0175
2024-09-06 08:22:42.710989,0x336918e8,13.0175
2024-09-06 08:25:56.958126,0x336918e8,13.015
2024-09-06 08:27:37.466674,0x336918e8,13.015
2024-09-06 08:29:37.799519,0x336918e8,13.01625
2024-09-06 08:32:11.502704,0x336918e8,13.0175
2024-09-06 08:34:00.689523,0x336918e8,13.02
2024-09-06 08:35:13.942971,0x336918e8,13.015
2024-09-06 08:37:31.971506,0x336918e8,12.99875
2024-09-06 08:41:24.599631,0x336918e8,12.99625
2024-09-06 08:43:44.261159,0x336918e8,12.99625
2024-09-06 08:45:22.420342,0x336918e8,13.0
2024-09-06 08:49:56.038768,0x336918e8,13.01125
2024-09-06 08:51:27.783050,0x336918e8,13.01875
2024-09-06 08:53:05.023079,0x336918e8,13.0175
2024-09-06 08:54:03.492126,0x336918e8,13.01375
2024-09-06 08:56:37.265349,0x336918e8,13.015
2024-09-06 08:56:38.324382,0x336918e8,13.0175
2024-09-06 08:57:01.220127,0x336918e8,12.965
2024-09-06 08:57:52.674020,0x336918e8,13.0125
2024-09-06 09:01:29.290344,0x336918e8,12.995
2024-09-06 09:05:24.909393,0x336918e8,13.01875
2024-09-06 09:10:33.511975,0x336918e8,13.015
2024-09-06 09:11:20.559639,0x336918e8,13.01625
2024-09-06 09:13:36.929290,0x336918e8,13.0125
2024-09-06 09:15:34.322171,0x336918e8,13.01625
2024-09-06 09:17:28.309117,0x336918e8,13.02625
2024-09-06 09:19:26.967156,0x336918e8,12.9925
2024-09-06 09:21:30.292364,0x336918e8,12.99625
2024-09-06 09:24:17.493888,0x336918e8,13.01375
2024-09-06 09:25:53.131256,0x336918e8,13.015
2024-09-06 09:26:42.629017,0x336918e8,13.01625
2024-09-06 09:31:26.949681,0x336918e8,13.015
2024-09-06 09:32:14.769210,0x336918e8,12.99625
2024-09-06 09:32:35.897017,0x336918e8,13.01625
2024-09-06 09:33:24.866577,0x336918e8,13.015
2024-09-06 09:39:41.743467,0x336918e8,13.01875
2024-09-06 09:41:17.959773,0x336918e8,13.015
2024-09-06 09:41:26.650785,0x336918e8,12.9975
2024-09-06 09:44:25.493018,0x336918e8,12.995
2024-09-06 09:46:20.942096,0x336918e8,12.99625
2024-09-06 09:47:54.039132,0x336918e8,12.995
2024-09-06 09:53:29.554673,0x336918e8,13.00125
2024-09-06 09:56:23.025462,0x336918e8,12.99875
2024-09-06 09:58:13.694252,0x336918e8,13.015
2024-09-06 10:03:14.595448,0x336918e8,12.995
2024-09-06 10:03:46.874570,0x336918e8,12.99625
2024-09-06 10:05:20.680793,0x336918e8,13.015
2024-09-06 10:05:30.691049,0x336918e8,13.01625
2024-09-06 10:09:51.108878,0x336918e8,13.02
2024-09-06 10:11:25.172051,0x336918e8,13.0225
2024-09-06 10:15:37.110609,0x336918e8,13.02
2024-09-06 10:20:56.932383,0x336918e8,12.99375
2024-09-06 10:27:23.810531,0x336918e8,13.01625
2024-09-06 10:29:09.306173,0x336918e8,12.99625
2024-09-06 10:29:26.992648,0x336918e8,13.005
2024-09-06 10:29:31.230844,0x336918e8,13.00125
2024-09-06 10:29:48.312366,0x336918e8,13.00375
2024-09-06 10:31:37.316132,0x336918e8,13.00125
2024-09-06 10:32:16.509521,0x336918e8,13.0025
2024-09-06 10:34:11.368324,0x336918e8,13.00125
2024-09-06 10:37:38.340398,0x336918e8,12.99875
2024-09-06 10:38:26.157105,0x336918e8,13.00125
2024-09-06 10:39:34.116457,0x336918e8,13.0025
2024-09-06 10:41:44.051772,0x336918e8,13.0
2024-09-06 10:45:19.180282,0x336918e8,13.00375
2024-09-06 10:45:44.786090,0x336918e8,13.025
2024-09-06 10:47:43.506143,0x336918e8,13.0225
2024-09-06 10:49:46.663424,0x336918e8,12.99625
2024-09-06 10:51:49.717623,0x336918e8,13.02125
2024-09-06 10:55:05.689194,0x336918e8,13.0275
2024-09-06 10:57:45.460772,0x336918e8,13.00375
2024-09-06 11:03:07.285585,0x336918e8,13.0225
2024-09-06 11:04:48.500229,0x336918e8,13.0025
2024-09-06 11:05:48.088987,0x336918e8,12.99125
2024-09-06 11:09:57.370528,0x336918e8,13.0225
2024-09-06 11:10:06.222013,0x336918e8,13.0225
2024-09-06 11:11:45.557261,0x336918e8,13.00125
2024-09-06 11:13:12.653112,0x336918e8,12.99625
2024-09-06 11:14:09.776152,0x336918e8,13.005
2024-09-06 11:15:55.945840,0x336918e8,13.0025
2024-09-06 11:19:56.216824,0x336918e8,13.00375
2024-09-06 11:22:37.558540,0x336918e8,13.0225
2024-09-06 11:24:03.806406,0x336918e8,13.00125
2024-09-06 11:26:44.623903,0x336918e8,13.02625
2024-09-06 11:27:53.842283,0x336918e8,13.0275
2024-09-06 11:31:55.597476,0x336918e8,13.0225
2024-09-06 11:33:54.386705,0x336918e8,13.025
2024-09-06 11:39:00.896944,0x336918e8,13.0025
2024-09-06 11:39:30.387124,0x336918e8,13.03125
2024-09-06 11:40:41.179448,0x336918e8,13.00625
2024-09-06 11:42:04.005495,0x336918e8,13.00875
2024-09-06 11:43:52.068812,0x336918e8,13.00375
2024-09-06 11:49:34.781488,0x336918e8,13.0075
2024-09-06 11:49:46.397098,0x336918e8,13.005
2024-09-06 11:50:44.735101,0x336918e8,13.03
2024-09-06 11:52:23.933436,0x336918e8,13.02125
2024-09-06 11:57:23.650396,0x336918e8,13.03625
2024-09-06 11:59:40.275211,0x336918e8,13.00875
2024-09-06 12:01:29.814914,0x336918e8,13.0275
2024-09-06 12:01:57.481136,0x336918e8,13.00875
2024-09-06 12:10:38.032616,0x336918e8,13.01
2024-09-06 12:11:04.834575,0x336918e8,13.02875
2024-09-06 12:11:31.261426,0x336918e8,13.01375
2024-09-06 12:11:32.414578,0x336918e8,13.00875
2024-09-06 12:12:32.278699,0x336918e8,13.035
2024-09-06 12:13:39.480972,0x336918e8,13.0
2024-09-06 12:16:53.866463,0x336918e8,13.02875
2024-09-06 12:16:56.557760,0x336918e8,13.00125
2024-09-06 12:20:39.860225,0x336918e8,13.03
2024-09-06 12:25:40.153455,0x336918e8,13.03125
2024-09-06 12:31:54.108113,0x336918e8,13.03625
2024-09-06 12:31:55.620234,0x336918e8,12.98625
2024-09-06 12:32:19.922995,0x336918e8,13.0325
2024-09-06 12:32:30.412248,0x336918e8,13.035
2024-09-06 12:33:45.323845,0x336918e8,13.0125
2024-09-06 12:38:45.644158,0x336918e8,13.0175
2024-09-06 12:39:50.265253,0x336918e8,13.015
2024-09-06 12:42:04.083931,0x336918e8,13.03375
2024-09-06 12:45:04.662992,0x336918e8,13.0325
2024-09-06 12:48:26.316987,0x336918e8,13.00875
2024-09-06 12:49:35.868116,0x336918e8,13.02875
2024-09-06 12:50:02.599127,0x336918e8,13.03125
2024-09-06 12:56:30.877235,0x336918e8,13.035
2024-09-06 12:57:22.123180,0x336918e8,13.015
2024-09-06 12:57:41.455794,0x336918e8,13.035
2024-09-06 12:57:48.224102,0x336918e8,13.03375
2024-09-06 13:01:19.381207,0x336918e8,13.03625
2024-09-06 13:02:15.064024,0x336918e8,13.03625
2024-09-06 13:03:39.230978,0x336918e8,12.98625
2024-09-06 13:04:01.975669,0x336918e8,13.01375
2024-09-06 13:06:18.646313,0x336918e8,13.0125
2024-09-06 13:09:46.148508,0x336918e8,13.035
2024-09-06 13:10:02.257042,0x336918e8,13.03625
2024-09-06 13:11:55.674841,0x336918e8,13.03375
2024-09-06 13:14:16.961658,0x336918e8,13.0375
2024-09-06 13:16:00.109187,0x336918e8,13.015
2024-09-06 13:18:02.503417,0x336918e8,13.0175
2024-09-06 13:20:45.773909,0x336918e8,12.98
2024-09-06 13:23:59.623530,0x336918e8,13.01125
2024-09-06 13:26:33.968740,0x336918e8,13.0125
2024-09-06 13:27:11.603007,0x336918e8,13.015
2024-09-06 13:28:07.200896,0x336918e8,13.015
2024-09-06 13:30:42.632159,0x336918e8,13.04
2024-09-06 13:32:03.694994,0x336918e8,13.03625
2024-09-06 13:43:14.437725,0x336918e8,13.03
2024-09-06 13:43:30.760415,0x336918e8,13.02
2024-09-06 13:43:48.432919,0x336918e8,13.0375
2024-09-06 13:43:55.948119,0x336918e8,13.0375
2024-09-06 13:44:07.965511,0x336918e8,13.01375
2024-09-06 13:47:55.493359,0x336918e8,13.0375
2024-09-06 13:51:21.660194,0x336918e8,13.03375
2024-09-06 13:51:23.752610,0x336918e8,13.035
2024-09-06 13:52:35.813853,0x336918e8,13.035
2024-09-06 13:54:53.392485,0x336918e8,13.0075
2024-09-06 13:56:44.635270,0x336918e8,13.03125
2024-09-06 14:04:04.637451,0x336918e8,13.01375
2024-09-06 14:04:09.417615,0x336918e8,13.01875
2024-09-06 14:04:22.758743,0x336918e8,13.01375
2024-09-06 14:08:12.637613,0x336918e8,13.0325
2024-09-06 14:09:55.826279,0x336918e8,13.035
2024-09-06 14:12:03.346592,0x336918e8,13.01375
2024-09-06 14:13:24.976494,0x336918e8,13.03875
2024-09-06 14:14:05.523790,0x336918e8,13.01625
2024-09-06 14:16:42.620990,0x336918e8,13.01625
2024-09-06 14:22:30.073965,0x336918e8,13.04
2024-09-06 14:24:54.241930,0x336918e8,13.0325
2024-09-06 14:25:06.121352,0x336918e8,13.03375
2024-09-06 14:27:11.255469,0x336918e8,13.03375
2024-09-06 14:36:12.757937,0x336918e8,13.03625
2024-09-06 14:36:13.675166,0x336918e8,13.0375
2024-09-06 14:36:21.995370,0x336918e8,13.035
2024-09-06 14:37:31.229605,0x336918e8,13.0375
2024-09-06 14:38:48.053178,0x336918e8,13.02125
2024-09-06 14:39:11.599003,0x336918e8,13.01125
2024-09-06 14:40:12.442120,0x336918e8,13.0375
2024-09-06 14:43:19.794346,0x336918e8,13.035
2024-09-06 14:49:06.181088,0x336918e8,13.03875
2024-09-06 14:51:52.201870,0x336918e8,13.0375
2024-09-06 14:53:27.234051,0x336918e8,13.04
2024-09-06 14:53:32.065487,0x336918e8,13.035
2024-09-06 14:55:09.268530,0x336918e8,13.02
2024-09-06 14:56:08.276451,0x336918e8,13.0175
2024-09-06 14:58:12.891687,0x336918e8,13.045
2024-09-06 15:00:10.718970,0x336918e8,13.04125
2024-09-06 15:03:37.049838,0x336918e8,13.0375
2024-09-06 15:05:12.306072,0x336918e8,13.0375
2024-09-06 15:06:06.720839,0x336918e8,13.0375
2024-09-06 15:08:03.141823,0x336918e8,13.0425
2024-09-06 15:14:40.202406,0x336918e8,13.02
2024-09-06 15:14:40.875364,0x336918e8,13.03125
2024-09-06 15:15:06.502155,0x336918e8,13.03875
2024-09-06 15:17:34.690437,0x336918e8,13.015
2024-09-06 15:21:20.020004,0x336918e8,12.99
2024-09-06 15:21:37.521654,0x336918e8,13.0175
2024-09-06 15:23:47.470028,0x336918e8,13.0125
2024-09-06 15:25:26.196467,0x336918e8,13.0225
2024-09-06 15:26:13.664023,0x336918e8,13.0175
2024-09-06 15:31:17.562424,0x336918e8,13.04375
2024-09-06 15:32:18.024328,0x336918e8,13.04125
2024-09-06 15:32:31.827883,0x336918e8,13.035
2024-09-06 15:35:51.380947,0x336918e8,13.04
2024-09-06 15:38:17.045791,0x336918e8,13.03375
2024-09-06 15:43:11.287614,0x336918e8,13.03875
2024-09-06 15:44:06.218670,0x336918e8,13.0225
2024-09-06 15:47:09.434820,0x336918e8,13.02
2024-09-06 15:50:15.298209,0x336918e8,13.04625
2024-09-06 15:50:23.771364,0x336918e8,13.04125
2024-09-06 15:52:16.945286,0x336918e8,13.04125
2024-09-06 15:58:51.879466,0x336918e8,13.01625
2024-09-06 15:59:04.061084,0x336918e8,12.99375
2024-09-06 15:59:18.626502,0x336918e8,13.045
2024-09-06 16:00:09.213520,0x336918e8,12.99
2024-09-06 16:04:22.535882,0x336918e8,13.0475
2024-09-06 16:06:21.858861,0x336918e8,13.04375
2024-09-06 16:08:10.461576,0x336918e8,13.01625
2024-09-06 16:10:32.485423,0x336918e8,13.0425
2024-09-06 16:14:05.132643,0x336918e8,13.045
2024-09-06 16:14:20.902154,0x336918e8,13.04625
2024-09-06 16:16:16.153116,0x336918e8,13.04125
2024-09-06 16:20:55.334669,0x336918e8,13.02375
2024-09-06 16:24:20.368467,0x336918e8,13.045
2024-09-06 16:24:57.963813,0x336918e8,13.045
2024-09-06 16:27:01.725934,0x336918e8,13.04125
2024-09-06 16:35:35.171438,0x336918e8,13.02375
2024-09-06 16:50:37.768318,0x336918e8,13.04625
2024-09-06 16:51:18.769457,0x336918e8,13.0475
2024-09-06 16:52:16.178458,0x336918e8,13.04375
2024-09-06 16:52:37.602241,0x336918e8,13.02375
2024-09-06 16:56:45.262560,0x336918e8,13.0275
2024-09-06 16:56:55.699015,0x336918e8,13.025
2024-09-06 17:06:48.605106,0x336918e8,13.0475
2024-09-06 17:07:00.826658,0x336918e8,13.04375
2024-09-06 17:07:06.775666,0x336918e8,13.0525
2024-09-06 17:11:19.649239,0x336918e8,13.045
2024-09-06 17:11:21.938446,0x336918e8,13.04625
2024-09-06 17:12:41.635102,0x336918e8,13.045
2024-09-06 17:13:03.101799,0x336918e8,13.0475
2024-09-06 17:13:07.803924,0x336918e8,13.0275
2024-09-06 17:13:17.569329,0x336918e8,13.045
2024-09-06 17:14:25.744428,0x336918e8,13.02625
2024-09-06 17:15:33.588044,0x336918e8,13.04
2024-09-06 17:16:33.835190,0x336918e8,13.01875
2024-09-06 17:19:08.038208,0x336918e8,13.02875
2024-09-06 17:21:49.741836,0x336918e8,13.0275
2024-09-06 17:22:46.477823,0x336918e8,13.0475
2024-09-06 17:24:28.622322,0x336918e8,13.02375
2024-09-06 17:27:38.306574,0x336918e8,13.0475
2024-09-06 17:29:36.194598,0x336918e8,13.045
2024-09-06 17:30:46.170030,0x336918e8,13.0475
2024-09-06 17:32:34.070610,0x336918e8,13.04125
2024-09-06 17:37:31.226644,0x336918e8,13.04625
2024-09-06 17:37:52.358480,0x336918e8,13.04875
2024-09-06 17:39:03.021737,0x336918e8,13.04625
2024-09-06 17:40:27.144715,0x336918e8,13.045
2024-09-06 17:48:39.523627,0x336918e8,13.04375
2024-09-06 17:48:53.088301,0x336918e8,13.02625
2024-09-06 17:49:43.189591,0x336918e8,13.02875
2024-09-06 17:50:39.486563,0x336918e8,13.05
2024-09-06 17:57:24.143136,0x336918e8,13.05125
2024-09-06 17:57:29.227597,0x336918e8,13.04875
2024-09-06 17:57:45.028910,0x336918e8,13.0475
2024-09-06 17:58:30.552723,0x336918e8,13.03
2024-09-06 18:04:26.862676,0x336918e8,13.0275
2024-09-06 18:05:07.444967,0x336918e8,13.03
2024-09-06 18:05:30.312736,0x336918e8,13.02875
2024-09-06 18:06:34.131992,0x336918e8,13.03875
2024-09-06 18:16:27.190301,0x336918e8,13.02625
2024-09-06 18:24:24.220286,0x336918e8,13.0275
2024-09-06 18:24:29.636493,0x336918e8,13.0175
2024-09-06 18:24:34.194837,0x336918e8,13.04625
2024-09-06 18:25:59.508403,0x336918e8,13.02375
2024-09-06 18:27:15.486995,0x336918e8,13.05
2024-09-06 18:29:04.510866,0x336918e8,13.04375
2024-09-06 18:29:05.424859,0x336918e8,13.025
2024-09-06 18:34:54.514647,0x336918e8,13.04625
2024-09-06 18:38:02.457246,0x336918e8,13.0175
2024-09-06 18:38:18.057791,0x336918e8,13.0175
2024-09-06 18:38:32.866217,0x336918e8,13.05125
2024-09-06 18:40:06.439542,0x336918e8,13.0475
2024-09-06 18:41:09.450648,0x336918e8,13.04875
2024-09-06 18:42:33.356554,0x336918e8,13.0475
2024-09-06 19:16:54.071725,0x336918e8,13.0425
2024-09-06 19:17:29.562032,0x336918e8,13.0175
2024-09-06 19:18:13.143498,0x336918e8,12.99625
2024-09-06 19:28:41.498925,0x336918e8,13.04875
2024-09-06 19:29:16.815214,0x336918e8,13.0475
2024-09-06 19:30:59.974606,0x336918e8,13.03125
2024-09-06 19:31:05.424057,0x336918e8,13.05
2024-09-06 19:32:25.986528,0x336918e8,13.02625
2024-09-06 19:32:53.138400,0x336918e8,13.02375
2024-09-06 19:32:56.546726,0x336918e8,13.0275
2024-09-06 19:34:47.365600,0x336918e8,13.02875
2024-09-06 19:34:59.525814,0x336918e8,13.02625
2024-09-06 19:40:06.409376,0x336918e8,13.0475
2024-09-06 19:42:00.498341,0x336918e8,13.04625
2024-09-06 19:43:30.201000,0x336918e8,13.045
2024-09-06 19:46:42.673531,0x336918e8,13.04875
2024-09-06 19:46:49.522186,0x336918e8,13.0525
2024-09-06 19:48:55.781093,0x336918e8,13.04875
2024-09-06 19:51:35.161351,0x336918e8,13.04375
2024-09-06 19:55:29.310337,0x336918e8,13.03
2024-09-06 19:57:14.004769,0x336918e8,13.02875
2024-09-06 19:59:03.600457,0x336918e8,13.02625
2024-09-06 20:07:26.712637,0x336918e8,13.0475
2024-09-06 20:27:48.642359,0x336918e8,13.0425
2024-09-06 20:28:49.284396,0x336918e8,13.04625
2024-09-06 20:28:55.750680,0x336918e8,13.04125
2024-09-06 20:29:49.910356,0x336918e8,13.0475
2024-09-06 20:30:04.169033,0x336918e8,13.02125
2024-09-06 20:30:07.941975,0x336918e8,13.02
2024-09-06 20:32:06.543999,0x336918e8,13.04125
2024-09-06 20:33:34.399095,0x336918e8,13.04625
2024-09-06 20:33:37.386459,0x336918e8,13.04125
2024-09-06 20:56:27.815607,0x336918e8,13.04
2024-09-06 20:57:23.826659,0x336918e8,13.04625
2024-09-06 20:57:36.416225,0x336918e8,13.03875
2024-09-06 20:58:50.667636,0x336918e8,13.04125
2024-09-06 20:59:25.125742,0x336918e8,13.045
2024-09-06 21:01:53.262766,0x336918e8,13.025
2024-09-06 21:03:38.609368,0x336918e8,13.02375
2024-09-06 21:11:13.367873,0x336918e8,13.045
2024-09-06 21:20:17.890262,0x336918e8,13.02
2024-09-06 21:26:26.295070,0x336918e8,13.03875
2024-09-06 21:27:03.482204,0x336918e8,13.03875
2024-09-06 21:28:10.064549,0x336918e8,13.04125
2024-09-06 21:29:16.365749,0x336918e8,13.04125
2024-09-06 21:31:08.166567,0x336918e8,13.04125
2024-09-06 21:35:37.955814,0x336918e8,13.04
2024-09-06 21:35:38.673131,0x336918e8,13.0425
2024-09-06 21:59:50.012337,0x336918e8,13.03375
2024-09-06 22:00:12.760074,0x336918e8,13.01875
2024-09-06 22:00:15.843973,0x336918e8,13.04
2024-09-06 22:00:25.191402,0x336918e8,13.04
2024-09-06 22:03:45.087127,0x336918e8,13.03375
2024-09-06 22:06:45.312271,0x336918e8,13.0175
2024-09-06 22:10:22.192543,0x336918e8,13.0125
2024-09-06 22:12:18.844458,0x336918e8,13.03125
2024-09-06 22:12:57.373792,0x336918e8,12.985
2024-09-06 22:14:19.705571,0x336918e8,13.0325
2024-09-06 22:18:08.522422,0x336918e8,13.005
2024-09-06 22:19:02.504287,0x336918e8,13.0325
2024-09-06 22:20:31.715413,0x336918e8,13.02
2024-09-06 22:22:35.122374,0x336918e8,13.015
2024-09-06 22:28:39.567728,0x336918e8,13.0175
2024-09-06 22:29:16.961141,0x336918e8,13.01875
2024-09-06 22:32:15.154098,0x336918e8,13.01375
2024-09-06 22:32:22.564468,0x336918e8,13.01125
2024-09-06 22:32:27.469859,0x336918e8,13.015
2024-09-06 22:39:15.091629,0x336918e8,13.01
2024-09-06 22:46:00.519525,0x336918e8,13.03
2024-09-06 22:46:15.694058,0x336918e8,13.015
2024-09-06 22:47:15.112132,0x336918e8,13.03
2024-09-06 22:47:19.923485,0x336918e8,13.03125
2024-09-06 22:50:02.114892,0x336918e8,13.01125
2024-09-06 22:55:24.832798,0x336918e8,13.0125
2024-09-06 22:55:30.307943,0x336918e8,13.01
2024-09-06 22:57:01.725252,0x336918e8,13.01375
2024-09-06 23:07:48.583259,0x336918e8,13.02875
2024-09-06 23:07:55.868613,0x336918e8,13.01
2024-09-06 23:08:08.325955,0x336918e8,13.0325
2024-09-06 23:13:22.239348,0x336918e8,13.0125
2024-09-06 23:13:25.163872,0x336918e8,13.00875
2024-09-06 23:17:47.118688,0x336918e8,13.02875
2024-09-06 23:18:06.308169,0x336918e8,13.01
2024-09-06 23:18:31.919995,0x336918e8,13.02875
2024-09-06 23:18:42.888539,0x336918e8,13.02375
2024-09-06 23:19:01.801898,0x336918e8,13.02625
2024-09-06 23:22:52.737071,0x336918e8,13.02875
2024-09-06 23:33:31.681810,0x336918e8,13.0325
2024-09-06 23:45:15.066487,0x336918e8,13.02625
2024-09-06 23:45:56.379878,0x336918e8,13.02375
2024-09-06 23:48:10.780548,0x336918e8,13.0275
2024-09-06 23:48:15.674811,0x336918e8,13.025
2024-09-06 23:50:04.916262,0x336918e8,13.02625
2024-09-06 23:55:14.583967,0x336918e8,13.02625
2024-09-06 23:55:48.530373,0x336918e8,13.03
2024-09-06 23:55:59.183223,0x336918e8,13.03125
2024-09-06 23:56:24.861319,0x336918e8,13.02875
2024-09-07 00:00:43.242010,0x336918e8,12.9775
2024-09-07 00:02:28.073732,0x336918e8,13.005
2024-09-07 00:02:44.230323,0x336918e8,13.02125
2024-09-07 00:02:56.523715,0x336918e8,13.0275
2024-09-07 00:03:49.610626,0x336918e8,13.025
2024-09-07 00:04:01.534720,0x336918e8,13.01
2024-09-07 00:04:07.557141,0x336918e8,13.02875
2024-09-07 00:08:40.698259,0x336918e8,13.0275
2024-09-07 00:09:15.787494,0x336918e8,13.025
2024-09-07 00:20:41.738064,0x336918e8,13.0025
2024-09-07 00:21:07.799706,0x336918e8,13.00125
2024-09-07 00:21:16.746112,0x336918e8,13.02375
2024-09-07 00:22:06.102954,0x336918e8,12.975
2024-09-07 00:27:33.134749,0x336918e8,13.01875
2024-09-07 00:28:18.045292,0x336918e8,13.02125
2024-09-07 00:30:57.608726,0x336918e8,13.02125
2024-09-07 00:33:38.253350,0x336918e8,13.0175
2024-09-07 00:37:28.451155,0x336918e8,13.01625
2024-09-07 00:41:12.625666,0x336918e8,13.025
2024-09-07 00:42:20.450997,0x336918e8,13.0175
2024-09-07 00:43:38.621682,0x336918e8,13.02375
2024-09-07 00:45:22.400162,0x336918e8,13.02125
2024-09-07 00:47:02.603596,0x336918e8,13.02
2024-09-07 00:51:51.551464,0x336918e8,13.02375
2024-09-07 00:57:27.433988,0x336918e8,12.99625
2024-09-07 00:57:33.148346,0x336918e8,13.0
2024-09-07 00:58:50.833894,0x336918e8,13.01375
2024-09-07 00:59:44.653575,0x336918e8,13.0175
2024-09-07 01:00:48.685786,0x336918e8,13.02
2024-09-07 01:02:45.565904,0x336918e8,13.02
2024-09-07 01:06:42.893971,0x336918e8,13.02125
2024-09-07 01:10:26.546574,0x336918e8,13.01625
2024-09-07 01:10:49.198511,0x336918e8,13.0225
2024-09-07 01:13:40.674124,0x336918e8,13.02
2024-09-07 01:21:38.048476,0x336918e8,13.01625
2024-09-07 01:23:00.410375,0x336918e8,13.0
2024-09-07 01:24:14.867652,0x336918e8,13.0
2024-09-07 01:25:26.368332,0x336918e8,13.0175
2024-09-07 01:27:53.370124,0x336918e8,12.9975
2024-09-07 01:31:20.134049,0x336918e8,13.0225
2024-09-07 01:31:37.217831,0x336918e8,13.01375
2024-09-07 01:31:42.360018,0x336918e8,13.02125
2024-09-07 01:33:55.451624,0x336918e8,13.01625
2024-09-07 01:36:05.335882,0x336918e8,13.02125
2024-09-07 01:36:44.058198,0x336918e8,13.01625
2024-09-07 01:44:23.930803,0x336918e8,13.02
2024-09-07 01:45:46.698558,0x336918e8,13.02
2024-09-07 01:45:54.057935,0x336918e8,12.99625
2024-09-07 01:50:04.254288,0x336918e8,13.015
2024-09-07 01:50:37.529597,0x336918e8,12.9925
2024-09-07 01:51:26.800164,0x336918e8,12.9975
2024-09-07 01:52:51.415026,0x336918e8,13.0025
2024-09-07 01:58:16.846192,0x336918e8,12.99625
2024-09-07 02:04:11.279109,0x336918e8,12.99
2024-09-07 02:05:10.508325,0x336918e8,13.01125
2024-09-07 02:12:25.999989,0x336918e8,13.01375
2024-09-07 02:14:09.712609,0x336918e8,13.0175
2024-09-07 02:14:29.353350,0x336918e8,13.01
2024-09-07 02:14:50.296917,0x336918e8,12.99375
2024-09-07 02:27:38.020166,0x336918e8,12.98875
2024-09-07 02:28:46.020335,0x336918e8,12.9925
2024-09-07 02:28:49.298536,0x336918e8,13.00875
2024-09-07 02:29:10.826307,0x336918e8,12.9925
2024-09-07 02:29:26.390842,0x336918e8,12.9925
2024-09-07 02:30:53.337670,0x336918e8,13.0125
2024-09-07 02:42:15.041731,0x336918e8,13.0075
2024-09-07 02:43:31.751283,0x336918e8,12.98875
2024-09-07 02:44:28.510246,0x336918e8,13.01
2024-09-07 02:45:05.039652,0x336918e8,12.98125
2024-09-07 02:50:49.057214,0x336918e8,12.99125
2024-09-07 02:51:27.673637,0x336918e8,12.9925
2024-09-07 02:51:36.544909,0x336918e8,12.9925
2024-09-07 02:53:45.065091,0x336918e8,12.9875
2024-09-07 02:55:40.121039,0x336918e8,13.01125
2024-09-07 02:59:24.426725,0x336918e8,13.01125
2024-09-07 02:59:49.288488,0x336918e8,13.00625
2024-09-07 03:02:16.403471,0x336918e8,13.01125
2024-09-07 03:05:27.234052,0x336918e8,13.01125
2024-09-07 03:07:29.637038,0x336918e8,13.01
2024-09-07 03:14:31.727540,0x336918e8,12.9925
2024-09-07 03:15:12.638923,0x336918e8,12.98625
2024-09-07 03:15:37.882726,0x336918e8,12.9925
2024-09-07 03:17:16.789019,0x336918e8,12.98875
2024-09-07 03:21:14.637293,0x336918e8,12.985
2024-09-07 03:21:18.150252,0x336918e8,12.98625
2024-09-07 03:22:59.722845,0x336918e8,13.01
2024-09-07 03:29:38.761378,0x336918e8,13.01
2024-09-07 03:31:10.545504,0x336918e8,13.0125
2024-09-07 03:35:46.312946,0x336918e8,13.00875
2024-09-07 03:36:13.239688,0x336918e8,13.00875
2024-09-07 03:44:52.858508,0x336918e8,13.0175
2024-09-07 03:46:01.429786,0x336918e8,13.00625
2024-09-07 03:46:32.958948,0x336918e8,13.00625
2024-09-07 03:49:28.626844,0x336918e8,12.98625
2024-09-07 03:53:51.842818,0x336918e8,12.99
2024-09-07 03:57:33.743584,0x336918e8,12.98
2024-09-07 04:01:32.466649,0x336918e8,12.98875
2024-09-07 04:02:25.898366,0x336918e8,12.9825
2024-09-07 04:05:16.725374,0x336918e8,13.0075
2024-09-07 04:05:31.929609,0x336918e8,13.005
2024-09-07 04:08:55.564587,0x336918e8,12.9975
2024-09-07 04:09:31.051930,0x336918e8,13.0125
2024-09-07 04:11:27.186849,0x336918e8,12.99875
2024-09-07 04:13:19.809594,0x336918e8,13.0
2024-09-07 04:16:06.826390,0x336918e8,13.00625
2024-09-07 04:17:11.308627,0x336918e8,12.985
2024-09-07 04:24:06.168843,0x336918e8,12.98
2024-09-07 04:24:13.684002,0x336918e8,12.98125
2024-09-07 04:27:39.504142,0x336918e8,12.98375
2024-09-07 04:35:22.160800,0x336918e8,13.0025
2024-09-07 04:35:27.273876,0x336918e8,12.9975
2024-09-07 04:35:33.056092,0x336918e8,13.00375
2024-09-07 04:38:22.626853,0x336918e8,12.99875
2024-09-07 04:40:41.616568,0x336918e8,13.005
2024-09-07 04:45:24.045398,0x336918e8,13.00125
2024-09-07 04:46:53.361350,0x336918e8,12.99875
2024-09-07 04:53:09.028004,0x336918e8,12.98625
2024-09-07 04:54:24.023572,0x336918e8,12.97125
2024-09-07 04:54:57.655597,0x336918e8,12.9975
2024-09-07 04:55:17.295345,0x336918e8,13.0025
2024-09-07 04:55:44.981363,0x336918e8,13.0075
2024-09-07 04:58:45.443388,0x336918e8,12.995
2024-09-07 04:59:26.917957,0x336918e8,12.99625
2024-09-07 05:02:00.143978,0x336918e8,13.00125
2024-09-07 05:05:33.627312,0x336918e8,12.9825
2024-09-07 05:07:30.726157,0x336918e8,12.98375
2024-09-07 05:09:16.346912,0x336918e8,12.98
2024-09-07 05:10:42.774656,0x336918e8,12.98625
2024-09-07 05:13:43.269117,0x336918e8,12.9775
2024-09-07 05:13:50.226161,0x336918e8,12.98625
2024-09-07 05:15:23.784148,0x336918e8,13.0
2024-09-07 05:17:17.670232,0x336918e8,12.9975
2024-09-07 05:21:33.836794,0x336918e8,12.99625
2024-09-07 05:23:26.897529,0x336918e8,12.99875
2024-09-07 05:26:53.269662,0x336918e8,12.99375
2024-09-07 05:31:23.250626,0x336918e8,12.98125
2024-09-07 05:31:55.471792,0x336918e8,12.97625
2024-09-07 05:32:22.489750,0x336918e8,12.97875
2024-09-07 05:34:57.866651,0x336918e8,12.9775
2024-09-07 05:37:28.231022,0x336918e8,12.99625
2024-09-07 05:44:48.845882,0x336918e8,12.98375
2024-09-07 05:45:34.870440,0x336918e8,12.99625
2024-09-07 05:45:44.704900,0x336918e8,12.985
2024-09-07 05:46:00.726239,0x336918e8,12.98125
2024-09-07 05:54:29.197521,0x336918e8,12.9925
2024-09-07 05:54:55.656480,0x336918e8,12.99875
2024-09-07 05:55:46.049038,0x336918e8,12.9925
2024-09-07 05:55:58.883601,0x336918e8,12.9975
2024-09-07 05:58:27.812586,0x336918e8,12.995
2024-09-07 06:01:28.576835,0x336918e8,12.98125
2024-09-07 06:03:28.279837,0x336918e8,12.97625
2024-09-07 06:06:06.159408,0x336918e8,12.97375
2024-09-07 06:11:22.730157,0x336918e8,12.9775
2024-09-07 06:15:42.230927,0x336918e8,12.99375
2024-09-07 06:16:19.953193,0x336918e8,12.98375
2024-09-07 06:16:31.914540,0x336918e8,12.98
2024-09-07 06:17:43.995141,0x336918e8,12.99375
2024-09-07 06:22:53.862482,0x336918e8,12.9925
2024-09-07 06:23:01.183891,0x336918e8,12.99625
2024-09-07 06:27:17.567649,0x336918e8,12.9925
2024-09-07 06:27:44.124422,0x336918e8,12.9925
2024-09-07 06:30:01.609269,0x336918e8,12.98875
2024-09-07 06:31:41.877694,0x336918e8,12.99375
2024-09-07 06:33:37.276642,0x336918e8,12.995
2024-09-07 06:36:22.792220,0x336918e8,12.9775
2024-09-07 06:40:39.833723,0x336918e8,12.97375
2024-09-07 06:43:21.656270,0x336918e8,12.9775
2024-09-07 06:43:36.240713,0x336918e8,12.98
2024-09-07 06:46:05.704119,0x336918e8,12.97625
2024-09-07 06:49:28.823750,0x336918e8,12.9725
2024-09-07 06:49:45.567343,0x336918e8,12.9475
2024-09-07 06:56:58.553174,0x336918e8,12.995
2024-09-07 06:57:03.519266,0x336918e8,12.9975
2024-09-07 07:01:02.785340,0x336918e8,12.99
2024-09-07 07:04:04.294670,0x336918e8,12.99875
2024-09-07 07:04:24.961398,0x336918e8,12.99375
2024-09-07 07:05:40.575695,0x336918e8,12.9875
2024-09-07 07:08:10.962119,0x336918e8,12.99125
2024-09-07 07:11:55.067579,0x336918e8,12.9925
2024-09-07 07:13:23.091515,0x336918e8,12.99375
2024-09-07 07:13:35.577960,0x336918e8,12.995
2024-09-07 07:18:56.374038,0x336918e8,12.9975
2024-09-07 07:20:03.521176,0x336918e8,12.9925
2024-09-07 07:20:45.953643,0x336918e8,12.99125
2024-09-07 07:22:23.276914,0x336918e8,12.995
2024-09-07 07:23:41.818546,0x336918e8,12.9775
2024-09-07 07:25:45.106722,0x336918e8,12.97375
2024-09-07 07:29:07.748823,0x336918e8,12.97
2024-09-07 07:32:37.350924,0x336918e8,12.9825
2024-09-07 07:33:36.332937,0x336918e8,12.9725
2024-09-07 07:36:44.737219,0x336918e8,12.98875
2024-09-07 07:43:41.909414,0x336918e8,12.96375
2024-09-07 07:44:12.402514,0x336918e8,12.96125
2024-09-07 07:45:49.257867,0x336918e8,12.99
2024-09-07 07:52:14.458780,0x336918e8,12.995
2024-09-07 07:52:17.144877,0x336918e8,12.99375
2024-09-07 07:55:06.938480,0x336918e8,12.995
2024-09-07 08:02:17.394280,0x336918e8,12.99625
2024-09-07 08:08:19.039435,0x336918e8,12.96625
2024-09-07 08:08:34.247058,0x336918e8,12.98875
2024-09-07 08:09:28.393946,0x336918e8,12.98375
2024-09-07 08:12:25.778942,0x336918e8,12.98875
2024-09-07 08:18:23.923026,0x336918e8,12.9875
2024-09-07 08:22:57.817423,0x336918e8,12.9725
2024-09-07 08:23:44.955003,0x336918e8,12.97625
2024-09-07 08:25:45.315082,0x336918e8,12.975
2024-09-07 08:31:14.962351,0x336918e8,12.99125
2024-09-07 08:32:28.705033,0x336918e8,12.99
2024-09-07 08:34:07.957212,0x336918e8,12.98625
2024-09-07 08:35:44.939518,0x336918e8,12.98875
2024-09-07 08:40:40.822550,0x336918e8,12.99
2024-09-07 08:41:00.774228,0x336918e8,12.96375
2024-09-07 08:42:38.490590,0x336918e8,12.98875
2024-09-07 08:44:54.882241,0x336918e8,12.98875
2024-09-07 08:46:15.487722,0x336918e8,12.9875
2024-09-07 08:47:50.551180,0x336918e8,12.97625
2024-09-07 08:50:01.479557,0x336918e8,12.98875
2024-09-07 08:52:00.168676,0x336918e8,12.99375
2024-09-07 08:55:49.162393,0x336918e8,12.9725
2024-09-07 08:55:57.595533,0x336918e8,12.98875
2024-09-07 09:03:44.464568,0x336918e8,12.9875
2024-09-07 09:03:45.022358,0x336918e8,12.99125
2024-09-07 09:04:06.726193,0x336918e8,12.98875
2024-09-07 09:04:25.700928,0x336918e8,12.98875
2024-09-07 09:08:02.411270,0x336918e8,12.9675
2024-09-07 09:10:15.469620,0x336918e8,12.96875
2024-09-07 09:13:02.940383,0x336918e8,12.945
2024-09-07 09:13:57.113361,0x336918e8,12.97125
2024-09-07 09:20:18.186107,0x336918e8,12.97875
2024-09-07 09:20:27.529644,0x336918e8,12.9725
2024-09-07 09:22:19.338411,0x336918e8,12.96875
2024-09-07 09:25:07.557087,0x336918e8,12.98875
2024-09-07 09:25:49.292402,0x336918e8,12.99375
2024-09-07 09:39:35.715402,0x336918e8,12.99
2024-09-07 09:39:36.270487,0x336918e8,12.985
2024-09-07 09:40:00.723393,0x336918e8,12.98875
2024-09-07 09:41:10.464708,0x336918e8,12.9925
2024-09-07 09:41:11.165670,0x336918e8,12.99125
2024-09-07 09:42:23.128227,0x336918e8,12.98625
2024-09-07 09:46:47.595067,0x336918e8,12.97125
2024-09-07 09:50:26.767517,0x336918e8,12.97125
2024-09-07 09:50:38.320105,0x336918e8,12.97125
2024-09-07 09:55:52.795860,0x336918e8,12.9725
2024-09-07 09:56:24.678936,0x336918e8,12.9925
2024-09-07 10:04:28.626344,0x336918e8,12.9925
2024-09-07 10:04:35.240369,0x336918e8,12.98875
2024-09-07 10:06:54.810072,0x336918e8,12.99
2024-09-07 10:08:58.147458,0x336918e8,12.9925
2024-09-07 10:10:07.937879,0x336918e8,12.995
2024-09-07 10:12:24.255522,0x336918e8,12.98875
2024-09-07 10:14:14.328174,0x336918e8,12.9975
2024-09-07 10:20:30.646848,0x336918e8,12.9925
2024-09-07 10:24:20.150661,0x336918e8,12.99375
2024-09-07 10:25:45.828494,0x336918e8,12.99
2024-09-07 10:26:30.694243,0x336918e8,12.99375
2024-09-07 10:28:59.304203,0x336918e8,12.99125
2024-09-07 10:32:16.781862,0x336918e8,12.99125
2024-09-07 10:34:14.465791,0x336918e8,12.99625
2024-09-07 10:36:30.094612,0x336918e8,12.99625
2024-09-07 10:39:30.580639,0x336918e8,12.99375
2024-09-07 10:40:35.696668,0x336918e8,12.9925
2024-09-07 10:45:15.950317,0x336918e8,12.995
2024-09-07 10:46:11.914115,0x336918e8,12.975
2024-09-07 10:48:08.775125,0x336918e8,12.9725
2024-09-07 10:53:31.551029,0x336918e8,12.975
2024-09-07 10:54:01.213077,0x336918e8,12.9725
2024-09-07 10:54:23.768849,0x336918e8,12.97625
2024-09-07 10:56:47.239683,0x336918e8,12.97375
2024-09-07 10:58:20.108685,0x336918e8,12.97375
2024-09-07 11:00:49.381892,0x336918e8,12.995
2024-09-07 11:02:19.543924,0x336918e8,13.00125
2024-09-07 11:06:55.506448,0x336918e8,12.99125
2024-09-07 11:08:46.508237,0x336918e8,12.99625
2024-09-07 11:15:05.571936,0x336918e8,12.995
2024-09-07 11:15:51.788594,0x336918e8,12.99625
2024-09-07 11:18:28.220873,0x336918e8,12.9925
2024-09-07 11:22:28.353049,0x336918e8,12.99625
2024-09-07 11:24:20.006839,0x336918e8,12.9975
2024-09-07 11:28:12.948684,0x336918e8,12.99625
2024-09-07 11:28:13.525702,0x336918e8,12.995
2024-09-07 11:30:15.086021,0x336918e8,12.99625
2024-09-07 11:30:29.377709,0x336918e8,12.9975
2024-09-07 11:34:25.507599,0x336918e8,12.995
2024-09-07 11:35:29.604725,0x336918e8,12.9975
2024-09-07 11:36:28.533777,0x336918e8,12.9675
2024-09-07 11:38:33.322962,0x336918e8,12.99625
2024-09-07 11:41:01.702991,0x336918e8,12.9975
2024-09-07 11:44:53.114719,0x336918e8,12.9975
2024-09-07 11:48:25.600885,0x336918e8,12.975
2024-09-07 11:50:21.875908,0x336918e8,13.0
2024-09-07 11:52:48.000872,0x336918e8,12.97125
2024-09-07 11:53:08.267587,0x336918e8,12.975
2024-09-07 11:54:25.438147,0x336918e8,13.00375
2024-09-07 11:56:23.839102,0x336918e8,12.9975
2024-09-07 11:58:16.544051,0x336918e8,12.99875
2024-09-07 12:03:14.131272,0x336918e8,12.99625
2024-09-07 12:03:50.929684,0x336918e8,13.0
2024-09-07 12:06:48.112387,0x336918e8,13.00125
2024-09-07 12:07:31.973804,0x336918e8,13.00125
2024-09-07 12:08:32.779047,0x336918e8,13.0
2024-09-07 12:12:26.480855,0x336918e8,12.985
2024-09-07 12:23:33.814593,0x336918e8,12.9775
2024-09-07 12:24:40.495840,0x336918e8,12.9825
2024-09-07 12:24:59.349405,0x336918e8,12.97875
2024-09-07 12:25:16.842959,0x336918e8,12.97875
2024-09-07 12:26:47.598126,0x336918e8,12.97875
2024-09-07 12:28:42.469828,0x336918e8,13.0
2024-09-07 12:32:46.808231,0x336918e8,13.00125
2024-09-07 12:36:31.315767,0x336918e8,13.0025
2024-09-07 12:40:39.650267,0x336918e8,12.9975
2024-09-07 12:43:14.679813,0x336918e8,13.0
2024-09-07 12:46:21.173930,0x336918e8,13.005
2024-09-07 12:48:37.405638,0x336918e8,13.00125
2024-09-07 12:50:29.228527,0x336918e8,12.97875
2024-09-07 12:59:42.216362,0x336918e8,12.98125
2024-09-07 12:59:51.128567,0x336918e8,12.9525
2024-09-07 13:00:38.023214,0x336918e8,12.98625
2024-09-07 13:03:50.407664,0x336918e8,12.98
2024-09-07 13:04:07.170421,0x336918e8,12.98125
2024-09-07 13:04:36.328384,0x336918e8,12.9775
2024-09-07 13:09:34.398325,0x336918e8,13.0
2024-09-07 13:10:48.216886,0x336918e8,12.99875
2024-09-07 13:12:36.535661,0x336918e8,13.005
2024-09-07 13:16:22.921395,0x336918e8,12.99875
2024-09-07 13:16:43.496133,0x336918e8,12.98125
2024-09-07 13:17:12.368067,0x336918e8,13.00125
2024-09-07 13:19:53.018583,0x336918e8,13.00125
2024-09-07 13:22:13.833065,0x336918e8,13.0
2024-09-07 13:22:33.512827,0x336918e8,13.00625
2024-09-07 13:24:56.203721,0x336918e8,13.00375
2024-09-07 13:27:33.583209,0x336918e8,13.00125
2024-09-07 13:28:40.746496,0x336918e8,12.99625
2024-09-07 13:30:44.181652,0x336918e8,12.98375
2024-09-07 13:33:01.922332,0x336918e8,12.97875
2024-09-07 13:37:30.898470,0x336918e8,12.98125
2024-09-07 13:39:18.233066,0x336918e8,12.98875
2024-09-07 13:42:09.696152,0x336918e8,12.97875
2024-09-07 13:42:32.059769,0x336918e8,12.98375
2024-09-07 13:53:48.454675,0x336918e8,13.00625
2024-09-07 13:54:00.361182,0x336918e8,13.00625
2024-09-07 13:54:56.707006,0x336918e8,13.0025
2024-09-07 13:55:04.481308,0x336918e8,13.0075
2024-09-07 13:56:05.367288,0x336918e8,13.0
2024-09-07 13:58:23.932201,0x336918e8,13.00625
2024-09-07 13:58:36.686722,0x336918e8,13.0
2024-09-07 14:01:03.022691,0x336918e8,12.98
2024-09-07 14:03:01.942552,0x336918e8,12.985
2024-09-07 14:07:52.636449,0x336918e8,12.9875
2024-09-07 14:10:08.142990,0x336918e8,12.98875
2024-09-07 14:10:38.476249,0x336918e8,12.98375
2024-09-07 14:15:36.852184,0x336918e8,13.0025
2024-09-07 14:17:28.764108,0x336918e8,12.9775
2024-09-07 14:19:06.396505,0x336918e8,12.98125
2024-09-07 14:21:03.947454,0x336918e8,13.0
2024-09-07 14:33:54.506613,0x336918e8,13.005
2024-09-07 14:34:01.412919,0x336918e8,13.00875
2024-09-07 14:34:28.246574,0x336918e8,13.0
2024-09-07 14:34:54.329596,0x336918e8,13.0075
2024-09-07 14:36:05.536410,0x336918e8,12.99625
2024-09-07 14:38:52.850950,0x336918e8,13.005
2024-09-07 14:40:47.943929,0x336918e8,13.00125
2024-09-07 14:45:35.505460,0x336918e8,13.0
2024-09-07 14:45:36.163574,0x336918e8,12.98
2024-09-07 14:47:49.366176,0x336918e8,12.98375
2024-09-07 14:50:21.970573,0x336918e8,12.9875
2024-09-07 14:50:51.110224,0x336918e8,12.98
2024-09-07 14:55:25.982376,0x336918e8,12.98375
2024-09-07 15:03:08.546539,0x336918e8,13.0
2024-09-07 15:10:59.151439,0x336918e8,12.97375
2024-09-07 15:13:34.340496,0x336918e8,13.0
2024-09-07 15:19:06.120182,0x336918e8,13.00125
2024-09-07 15:21:09.196304,0x336918e8,12.99625
2024-09-07 15:21:32.488031,0x336918e8,12.995
